time_ns,logical_gate_fidelity,logical_process_fidelity,average_leakage,input_0_leakage,input_1_leakage,samples_per_ns,is_peak_gate_fidelity_sample,is_nominal_final_sample
0.0,0.3333333333333333,9.871008786911333e-37,0.0,0.0,0.0,32,False,False
0.03124463968023256,0.33333333333333454,1.7508016545205693e-15,7.696189675828418e-15,7.696192792904476e-15,7.696186558752361e-15,32,False,False
0.06248927936046512,0.33333333333340276,1.0408685815070933e-13,3.6392431135053247e-13,3.639244370460148e-13,3.639241856550502e-13,32,False,False
0.09373391904069768,0.3333333333339259,8.88846414129388e-13,2.1742564362419593e-12,2.174257393282792e-12,2.174255479201127e-12,32,False,False
0.12497855872093024,0.3333333333360658,4.09874962825463e-12,6.043562779119297e-12,6.0435729636745286e-12,6.043552594564066e-12,32,False,False
0.1562231984011628,0.33333333334484244,1.726367963597325e-11,1.681948990278021e-11,1.6819539285051178e-11,1.6819440520509242e-11,32,False,False
0.18746783808139536,0.3333333333752444,6.28666018857487e-11,5.548478382001415e-11,5.548483077673563e-11,5.548473686329267e-11,32,False,False
0.21871247776162792,0.3333333334445643,1.6684640623861933e-10,1.1882476047359553e-10,1.1882472103327098e-10,1.1882479991392008e-10,32,False,False
0.24995711744186047,0.33333333355541495,3.3312245456203414e-10,1.3712268597386753e-10,1.3712270328780227e-10,1.3712266865993279e-10,32,False,False
0.28120175712209305,0.33333333373992885,6.098932192664392e-10,9.832202376845853e-11,9.832241973943777e-11,9.83216277974793e-11,32,False,False
0.3124463968023256,0.3333333341296189,1.1944283367029305e-09,2.0887379046561087e-10,2.0887401409665908e-10,2.0887356683456263e-10,32,False,False
0.34369103648255817,0.33333333489376865,2.3406530432637032e-09,7.917726204549985e-10,7.917701544815286e-10,7.917750864284683e-10,32,False,False
0.3749356761627907,0.33333333601355014,4.0203251890572236e-09,1.3353863698452753e-09,1.335384554287689e-09,1.3353881854028615e-09,32,False,False
0.4061803158430233,0.3333333373581775,6.037266263164178e-09,1.0618288201707972e-09,1.0618372048838572e-09,1.0618204354577373e-09,32,False,False
0.43742495552325583,0.33333333927411174,8.911167576881467e-09,3.5533410298207536e-10,3.553482121285475e-10,3.553199938356033e-10,32,False,False
0.4686695952034884,0.33333334266406683,1.3996100300075506e-08,1.1583222874356324e-09,1.1582993982307474e-09,1.1583451766405173e-09,32,False,False
0.49991423488372094,0.33333334800010594,2.200015895145877e-08,4.613128708592209e-09,4.613046851092778e-09,4.61321056609164e-09,32,False,False
0.5311588745639535,0.333333354439429,3.16591435704839e-08,6.471415170672896e-09,6.471387786823729e-09,6.471442554522062e-09,32,False,False
0.5624035142441861,0.33333336140988495,4.211482734866312e-08,4.023472756933962e-09,4.02360109467591e-09,4.023344419192015e-09,32,False,False
0.5936481539244186,0.33333337101475075,5.65221260566133e-08,6.786645133039995e-10,6.787986805919982e-10,6.785303460160007e-10,32,False,False
0.6248927936046512,0.3333333865231099,7.978466484679228e-08,5.112144938350868e-09,5.111798604622903e-09,5.112491272078833e-09,32,False,False
0.6561374332848837,0.3333334078319696,1.1174795428716646e-07,1.7446404569206606e-08,1.7445621342151396e-08,1.7447187796261816e-08,32,False,False
0.6873820729651163,0.33333343074189314,1.4611283967103165e-07,2.061626537775377e-08,2.061608336698718e-08,2.061644738852036e-08,32,False,False
0.7186267126453488,0.33333345473865333,1.8210798000535183e-07,1.0410089941285258e-08,1.04109741160693e-08,1.0409205766501215e-08,32,False,False
0.7498713523255814,0.33333348788006184,2.3182009276813854e-07,1.3603214456105325e-09,1.360893843110997e-09,1.3597490481100682e-09,32,False,False
0.7811159920058139,0.33333353786702324,3.0680053485325774e-07,1.8638134669296312e-08,1.8635589969102647e-08,1.864067936948998e-08,32,False,False
0.8123606316860466,0.33333359984793226,3.997718983843957e-07,5.013324447361926e-08,5.012892482247068e-08,5.013756412476784e-08,32,False,False
0.843605271366279,0.33333366166838935,4.925025840297368e-07,5.055168674860676e-08,5.055091057099585e-08,5.055246292621767e-08,32,False,False
0.8748499110465117,0.33333372681031515,5.902154727371354e-07,2.1041888022132456e-08,2.104577513005398e-08,2.103800091421093e-08,32,False,False
0.9060945507267442,0.33333381768723663,7.265308549389109e-07,5.170448303573888e-09,5.171495596014784e-09,5.1694010111329935e-09,32,False,False
0.9373391904069768,0.3333339465430026,9.198145039495148e-07,5.5989707790013114e-08,5.5977245239475935e-08,5.6002170340550293e-08,32,False,False
0.9685838300872093,0.33333409334116376,1.1400117456638174e-06,1.1840676693501866e-07,1.1838973135609934e-07,1.18423802513938e-07,32,False,False
0.9998284697674419,0.3333342330711313,1.3496066969512863e-06,1.0312263403474615e-07,1.0312011571090224e-07,1.0312515235859005e-07,32,False,False
1.0310731094476744,0.33333438472479654,1.5770871948583764e-06,3.5882701818275595e-08,3.5895283749966875e-08,3.5870119886584315e-08,32,False,False
1.062317749127907,0.33333459750764627,1.8962614694215959e-06,2.1465243783954988e-08,2.1463274176130386e-08,2.1467213391779586e-08,32,False,False
1.0935623888081396,0.3333348814457196,2.3221685794712604e-06,1.417866870643364e-07,1.4174033683389912e-07,1.4183303729477363e-07,32,False,False
1.1248070284883722,0.3333351824581394,2.773687209137184e-06,2.4099039942164824e-07,2.4093711345242263e-07,2.410436853908739e-07,32,False,False
1.1560516681686046,0.33333546246829426,3.1937024414126138e-06,1.8295789450303273e-07,1.8295115920735602e-07,1.829646297987094e-07,32,False,False
1.1872963078488372,0.3333357795263245,3.6692894866962013e-06,5.5352967824594534e-08,5.538514736105723e-08,5.5320788288131844e-08,32,False,False
1.2185409475290698,0.3333362226459964,4.333968994614205e-06,7.209259764585813e-08,7.207025383549501e-08,7.211494145622124e-08,32,False,False
1.2497855872093024,0.33333677904937015,5.168574055221204e-06,3.115083875464574e-07,3.1136774116830574e-07,3.116490339246091e-07,32,False,False
1.2810302268895348,0.3333373341774495,6.001266174219779e-06,4.3615898210241213e-07,4.3601875029164454e-07,4.362992139131798e-07,32,False,False
1.3122748665697674,0.3333378498377875,6.77475668127248e-06,2.9038275240456386e-07,2.903674366129572e-07,2.9039806819617054e-07,32,False,False
1.34351950625,0.3333384613516954,7.692027543097064e-06,8.466408624289112e-08,8.473115468094355e-08,8.45970178048387e-08,32,False,False
1.3747641459302327,0.33333930313461296,8.954701919431644e-06,1.9780852489197632e-07,1.9771087813919904e-07,1.979061716447536e-07,32,False,False
1.406008785610465,0.3333402979762672,1.0446964400831767e-05,6.088930016307341e-07,6.085287739307867e-07,6.092572293306814e-07,32,False,False
1.4372534252906977,0.3333412429688129,1.186445321930831e-05,7.176710656620169e-07,7.173490201696018e-07,7.17993111154432e-07,32,False,False
1.4684980649709303,0.33334213669620255,1.320504430376726e-05,4.2086086609466937e-07,4.208311619766671e-07,4.2089057021267156e-07,32,False,False
1.4997427046511629,0.3333432427158158,1.4864073723696212e-05,1.4215814955938946e-07,1.422714389862597e-07,1.4204486013251925e-07,32,False,False
1.5309873443313955,0.33334472627556333,1.7089413344950365e-05,4.6298055340309115e-07,4.6267153613864374e-07,4.632895706675385e-07,32,False,False
1.5622319840116279,0.33334637862507727,1.9567937615901858e-05,1.0803680260703242e-06,1.0795382306750264e-06,1.0811978214656218e-06,32,False,False
1.5934766236918605,0.3333478921231268,2.1838184690235433e-05,1.0912057274798776e-06,1.0905448843948943e-06,1.0918665705648608e-06,32,False,False
1.624721263372093,0.3333493733334902,2.4060000235275117e-05,5.677161890812989e-07,5.676679710923451e-07,5.677644070702527e-07,32,False,False
1.6559659030523257,0.3333512687131281,2.6903069692067895e-05,2.7138898308739137e-07,2.71532351264387e-07,2.712456149103958e-07,32,False,False
1.687210542732558,0.33335372357688686,3.058536533029083e-05,9.559670074687227e-07,9.551624657524862e-07,9.56771549184959e-07,32,False,False
1.7184551824127907,0.3333563072150596,3.44608225893956e-05,1.7677863901670127e-06,1.7660869659551437e-06,1.7694858143788816e-06,32,False,False
1.7496998220930233,0.3333586219203397,3.793288050956003e-05,1.5522684989946033e-06,1.5510378808933363e-06,1.55349911709587e-06,32,False,False
1.780944461773256,0.33336099368677896,4.149053016846495e-05,7.300950623320781e-07,7.300329945005929e-07,7.301571301635632e-07,32,False,False
1.8121891014534883,0.33336409239239106,4.613858858655481e-05,5.546351877388808e-07,5.547167173503563e-07,5.545536581274054e-07,32,False,False
1.843433741133721,0.3333679404830141,5.191072452115199e-05,1.7833591645955968e-06,1.781539462649457e-06,1.7851788665417365e-06,32,False,False
1.8746783808139535,0.3333717840325711,5.7676048856698975e-05,2.701195946889219e-06,2.69801705691693e-06,2.704374836861508e-06,32,False,False
1.9059230204941862,0.33337520479293997,6.280718941002092e-05,2.0865814623047323e-06,2.0844810569730596e-06,2.088681867636405e-06,32,False,False
1.9371676601744185,0.33337889677131316,6.834515696968731e-05,9.274635638036649e-07,9.27410413076395e-07,9.275167145309349e-07,32,False,False
1.9684122998546512,0.3333837531555914,7.562973338706236e-05,1.1236869130136413e-06,1.12345627252191e-06,1.1239175535053725e-06,32,False,False
1.9996569395348838,0.3333895076133273,8.426141999093364e-05,3.057779063251488e-06,3.054092824764676e-06,3.0614653017383007e-06,32,False,False
2.0309015792151164,0.33339499608001005,9.249412001506989e-05,3.8933455774780376e-06,3.887848909014281e-06,3.898842245941794e-06,32,False,False
2.0621462188953488,0.33339992738845403,9.989108268109673e-05,2.6741360991033475e-06,2.6708312957369323e-06,2.677440902469763e-06,32,False,False
2.0933908585755816,0.3334055329161125,0.00010829937416882066,1.2204388555311322e-06,1.2204381662695288e-06,1.2204395447927359e-06,32,False,False
2.124635498255814,0.3334128558513805,0.00011928377707066258,2.1625633045814027e-06,2.161488781707827e-06,2.1636378274549787e-06,32,False,False
2.1558801379360464,0.33342111275690683,0.00013166913536025984,4.881224490780068e-06,4.874402927891881e-06,4.8880460536682545e-06,32,False,False
2.187124777616279,0.3334286946007738,0.00014304190116066036,5.336734661953475e-06,5.327868662861122e-06,5.345600661045828e-06,32,False,False
2.2183694172965116,0.333435678918277,0.0001535183774155317,3.298826670568234e-06,3.2940218659594073e-06,3.30363147517706e-06,32,False,False
2.2496140569767444,0.3334439923893091,0.0001659885839637093,1.7349478115640395e-06,1.7350405506291247e-06,1.7348550724989543e-06,32,False,False
2.280858696656977,0.33345464836137645,0.0001819725420645989,3.897836677049583e-06,3.894943595669578e-06,3.900729758429587e-06,32,False,False
2.312103336337209,0.33346607352810204,0.0001991102921530258,7.327376290428954e-06,7.3156813156887345e-06,7.339071265169174e-06,32,False,False
2.343347976017442,0.3334762779750904,0.00021441696263553123,7.003604042864018e-06,6.990172622433494e-06,7.017035463294542e-06,32,False,False
2.3745926156976744,0.33348604443870683,0.0002290666580602225,3.965755797881588e-06,3.959306206376062e-06,3.972205389387115e-06,32,False,False
2.405837255377907,0.3334980934788169,0.00024714021822534477,2.6839327717472857e-06,2.684077753813686e-06,2.683787789680886e-06,32,False,False
2.4370818950581397,0.33351309594258677,0.00026964391388014264,6.574793885479955e-06,6.568477166603062e-06,6.581110604356847e-06,32,False,False
2.468326534738372,0.33352841122537963,0.000292616838069513,1.0427073592268545e-05,1.0408300579663353e-05,1.0445846604873737e-05,32,False,False
2.499571174418605,0.3335418801758107,0.00031282026371607795,8.849167125686626e-06,8.82996285474044e-06,8.868371396632812e-06,32,False,False
2.5308158140988373,0.3335554008321153,0.0003331012481730061,4.727840628181675e-06,4.719881800346187e-06,4.735799456017164e-06,32,False,False
2.5620604537790697,0.33357246685330355,0.0003587002799553554,4.3784002541873134e-06,4.378302802008802e-06,4.378497706365825e-06,32,False,False
2.5933050934593025,0.3335929513503409,0.0003894270255114096,1.0422184275234367e-05,1.0410019981167312e-05,1.043434856930142e-05,32,False,False
2.624549733139535,0.33361292689599803,0.000419390343997061,1.4160017790135918e-05,1.4131566070745217e-05,1.4188469509526618e-05,32,False,False
2.6557943728197677,0.3336304643191757,0.00044569647876362004,1.0819728677294484e-05,1.079373392554491e-05,1.084572342904406e-05,32,False,False
2.6870390125,0.333649012376269,0.00047351856440346345,5.720808298533987e-06,5.711856590785762e-06,5.7297600062822125e-06,32,False,False
2.7182836521802325,0.33367263317189394,0.0005089497578409116,7.2198049677285566e-06,7.218625126229018e-06,7.220984809228096e-06,32,False,False
2.7495282918604653,0.33369982071292253,0.0005497310693838112,1.5612229999933757e-05,1.559081991396858e-05,1.5633640085898934e-05,32,False,False
2.7807729315406977,0.33372528074384067,0.0005879211157609584,1.8454224236477195e-05,1.84132393565157e-05,1.8495209116438692e-05,32,False,False
2.81201757122093,0.3337479198866177,0.0006218798299265241,1.2868838753999573e-05,1.2835486096519832e-05,1.2902191411479314e-05,32,False,False
2.843262210901163,0.33377312207005355,0.0006596831050803869,7.201867309605072e-06,7.192818857685546e-06,7.210915761524599e-06,32,False,False
2.8745068505813953,0.33380507148851485,0.0007076072327723281,1.166843293431999e-05,1.1664367456696527e-05,1.1672498411943454e-05,32,False,False
2.905751490261628,0.33384022609253633,0.0007603391388044833,2.222531035112369e-05,2.219019729305861e-05,2.2260423409188773e-05,32,False,False
2.9369961299418605,0.3338720757223314,0.0008081135834970844,2.3192922969278744e-05,2.3136509014563257e-05,2.3249336923994232e-05,32,False,False
2.968240769622093,0.33390116103708944,0.0008517415556342191,1.498580442340126e-05,1.49452696118802e-05,1.5026339234922318e-05,32,False,False
2.9994854093023258,0.33393503449068423,0.0009025517360263993,9.582519893549658e-06,9.574461102402573e-06,9.590578684696743e-06,32,False,False
3.030730048982558,0.33397727698036744,0.000965915470551173,1.8188332598143162e-05,1.8178103253433403e-05,1.8198561942852925e-05,32,False,False
3.061974688662791,0.33402166644811454,0.0010324996721718118,3.0228175338469942e-05,3.0173863101868744e-05,3.028248757507114e-05,32,False,False
3.0932193283430234,0.334060945388573,0.0010914180828594604,2.8228264116524632e-05,2.815376601902357e-05,2.8302762214025695e-05,32,False,False
3.1244639680232558,0.3340982222384537,0.001147333357680581,1.7239749202286238e-05,1.719322412425338e-05,1.7286274280319096e-05,32,False,False
3.1557086077034886,0.3341431860288373,0.0012147790432559934,1.3442570246024755e-05,1.3436322264324604e-05,1.3448818227724904e-05,32,False,False
3.186953247383721,0.3341978078091528,0.0012967117137292514,2.7176396737472626e-05,2.7154722001977893e-05,2.7198071472967362e-05,32,False,False
3.2181978870639534,0.33425267911632717,0.0013790186744907776,3.947111264692464e-05,3.939121628024652e-05,3.9551009013602766e-05,32,False,False
3.249442526744186,0.33430064489900446,0.0014509673485066695,3.3402490789162786e-05,3.330785271824467e-05,3.349712886008089e-05,32,False,False
3.2806871664244186,0.33434834641966255,0.0015225196294938418,1.9838222887158507e-05,1.978808476059326e-05,1.9888361013723757e-05,32,False,False
3.3119318061046514,0.3344071989633159,0.0016107984449738489,1.9512202354648522e-05,1.9507562755101472e-05,1.9516841954195573e-05,32,False,False
3.343176445784884,0.3344763223131517,0.0017144834697276202,3.888931363470366e-05,3.884847878134857e-05,3.893014848805875e-05,32,False,False
3.374421085465116,0.33454290378808577,0.001814355682128566,4.970443185225796e-05,4.959197499609654e-05,4.981688870841937e-05,32,False,False
3.405665725145349,0.33460114252542,0.0019017137881299359,3.857948639095431e-05,3.846369570956044e-05,3.869527707234818e-05,32,False,False
3.4369103648255814,0.33466206018681155,0.001993090280217334,2.3192481443474454e-05,2.314224408755646e-05,2.3242718799392443e-05,32,False,False
3.468155004505814,0.3347379169931532,0.0021068754897297466,2.8613349482365714e-05,2.8608066772637107e-05,2.861863219209432e-05,32,False,False
3.4993996441860467,0.3348236089884295,0.0022354134826442435,5.338518841058665e-05,5.3314843945132384e-05,5.3455532876040916e-05,32,False,False
3.530644283866279,0.33490315019391415,0.002354725290871215,6.060957761446794e-05,6.045744993860318e-05,6.0761705290332704e-05,32,False,False
3.561888923546512,0.33497370745660376,0.0024605611849056563,4.3691739743259716e-05,4.3555352611482844e-05,4.382812687503658e-05,32,False,False
3.5931335632267443,0.33505123053502556,0.002576845802538355,2.7973269385122646e-05,2.7927186752873303e-05,2.8019352017371992e-05,32,False,False
3.6243782029069767,0.3351474214394709,0.00272113215920628,4.156109130154338e-05,4.154969743393516e-05,4.157248516915161e-05,32,False,False
3.6556228425872095,0.3352516125993866,0.0028774188990798727,7.049406038358463e-05,7.038136247896e-05,7.060675828820925e-05,32,False,False
3.686867482267442,0.33534546932460446,0.0030182039869066277,7.183863978915193e-05,7.16402291366278e-05,7.203705044167605e-05,32,False,False
3.7181121219476747,0.33543098817747824,0.003146482266217434,4.880658149019267e-05,4.865228564717059e-05,4.896087733321474e-05,32,False,False
3.749356761627907,0.3355290980304369,0.0032936470456553964,3.513545662615183e-05,3.5097662828036475e-05,3.517325042426718e-05,32,False,False
3.7806014013081395,0.33564902918404066,0.0034735437760610617,5.903704547811269e-05,5.900975535994827e-05,5.906433559627711e-05,32,False,False
3.8118460409883723,0.3357734600175315,0.0036601900262972988,8.982533374011007e-05,8.96554923182426e-05,8.999517516197754e-05,32,False,False
3.8430906806686047,0.3358832261338955,0.003824839200843157,8.305736682732463e-05,8.280738303975671e-05,8.330735061489255e-05,32,False,False
3.874335320348837,0.33598707463533906,0.003980611953008589,5.421104135364097e-05,5.404414083247127e-05,5.437794187481068e-05,32,False,False
3.90557996002907,0.3361102826659159,0.004165423998873881,4.588896744724828e-05,4.58620957801774e-05,4.591583911431917e-05,32,False,False
3.9368245997093023,0.3362572752559391,0.004385912883908652,8.145824733396992e-05,8.140018212445075e-05,8.15163125434891e-05,32,False,False
3.968069239389535,0.3364034888715717,0.004605233307357533,0.00011080993908130789,0.00011056717387914935,0.00011105270428346643,32,False,False
3.9993138790697675,0.33653116950662376,0.004796754259935656,9.399263928104844e-05,9.36881361831421e-05,9.429714237895477e-05,32,False,False
4.03055851875,0.33665753696123396,0.004986305441851002,6.050489084891027e-05,6.033351105970787e-05,6.0676270638112655e-05,32,False,False
4.061803158430233,0.3368107604103921,0.005216140615588168,6.160161729482497e-05,6.158494556092403e-05,6.16182890287259e-05,32,False,False
4.093047798110465,0.33698788454933126,0.0054818268239969475,0.0001088699184213214,0.00010876089853065198,0.00010897893831199082,32,False,False
4.1242924377906975,0.3371572807041003,0.0057359210561503445,0.00013276748938605273,0.00013243633249155893,0.0001330986462805465,32,False,False
4.15553707747093,0.33730549316948144,0.005958239754222184,0.00010449035470576165,0.00010413191761375611,0.0001048487917977672,32,False,False
4.186781717151163,0.33745943384843685,0.006189150772655249,6.868103302889267e-05,6.851577369818343e-05,6.88462923596019e-05,32,False,False
4.218026356831396,0.3376478107353309,0.006471716102996387,8.363371190701877e-05,8.3621019638017e-05,8.364640417602054e-05,32,False,False
4.249270996511628,0.33785773812133985,0.0067866071820097615,0.00014088939185778767,0.00014070446858972108,0.00014107431512585427,32,False,False
4.28051563619186,0.338051698179536,0.0070775472693039845,0.0001549838722994774,0.0001545507177430068,0.00015541702685594797,32,False,False
4.311760275872093,0.33822387949389054,0.00733581924083578,0.00011459294185576146,0.00011418592899349451,0.0001149999547180284,32,False,False
4.343004915552326,0.33841128488798167,0.0076169273319725,8.016280642304184e-05,8.001555613808448e-05,8.03100567079992e-05,32,False,False
4.374249555232558,0.3386399378286668,0.00795990674300013,0.00011312463312457022,0.00011310209742550721,0.00011314716882363322,32,False,False
4.405494194912791,0.338884839672017,0.00832725950802544,0.00017671709371646426,0.00017642786036867233,0.0001770063270642562,32,False,False
4.436738834593023,0.3391049231478662,0.008657384721799293,0.00017678814619925018,0.00017624294314986936,0.000177333349248631,32,False,False
4.467983474273256,0.33930551717251456,0.008958275758771806,0.00012464107406067514,0.00012419668357092884,0.00012508546455042145,32,False,False
4.499228113953489,0.3395330031075148,0.009299504661272133,9.676668697308028e-05,9.664839560494296e-05,9.68849783412176e-05,32,False,False
4.530472753633721,0.33980677057925107,0.009710155868876597,0.00015076890274013765,0.00015071345930409586,0.00015082434617617944,32,False,False
4.561717393313954,0.34008828688972104,0.010132430334581569,0.00021521545509122002,0.00021479203749132805,0.000215638872691112,32,False,False
4.592962032994186,0.3403364894715255,0.010504734207288301,0.00019762512347839688,0.00019696312756117455,0.0001982871193956192,32,False,False
4.624206672674418,0.340571083735439,0.010856625603158514,0.00013539335991260946,0.00013492916625497089,0.00013585755357024804,32,False,False
4.655451312354652,0.3408457865404672,0.011268679810700788,0.00012056690616194843,0.00012048430440926957,0.00012064950791462728,32,False,False
4.686695952034884,0.3411689483613802,0.011753422542070268,0.0001966304377082621,0.00019650905325436523,0.00019675182216215894,32,False,False
4.7179405917151165,0.3414882503545171,0.012232375531775572,0.00025503959738033474,0.0002544531135178593,0.0002556260812428102,32,False,False
4.749185231395349,0.34176730188255355,0.012650952823830285,0.00021713082950662393,0.00021635434133200192,0.0002179073176812459,32,False,False
4.780429871075581,0.34204268495790097,0.013064027436851368,0.0001481407748422623,0.00014768028337059378,0.00014860126631393084,32,False,False
4.811674510755814,0.3423719705628461,0.013557955844269089,0.00015365884255097318,0.00015361038306434559,0.00015370730203760077,32,False,False
4.842919150436047,0.3427480009308775,0.014122001396316294,0.0002500408797983056,0.0002498110940157252,0.00025027066558088595,32,False,False
4.874163790116279,0.343105959657201,0.0146589394858014,0.00029479341628109055,0.00029401865670157913,0.000295568175860602,32,False,False
4.905408429796512,0.3434196303043453,0.015129445456517976,0.00023522434072259006,0.00023434433232765318,0.00023610434911752694,32,False,False
4.936653069476744,0.3437437452577607,0.015615617886640981,0.00016477705204944967,0.0001643478202685347,0.00016520628383036466,32,False,False
4.9678977091569765,0.344134845782392,0.016202268673587934,0.00019784473924941307,0.0001978163445542443,0.00019787313394458182,32,False,False
4.99914234883721,0.3445662309696829,0.016849346454524364,0.00030961231871666413,0.0003092242297145782,0.0003100004077187501,32,False,False
5.030386988517442,0.34496369268166555,0.017445539022498343,0.00033318353327788184,0.0003322016535695782,0.00033416541298618543,32,False,False
5.0616316281976745,0.34531706840798293,0.01797560261197444,0.0002522276808169995,0.000251265118716577,0.00025319024291742205,32,False,False
5.092876267877907,0.34569884598641726,0.018548268979625873,0.0001877781680566651,0.00018740818245277177,0.00018814815366055841,32,False,False
5.124120907558139,0.3461584491555072,0.019237673733260782,0.0002542926130946738,0.0002542540649318188,0.0002543311612575288,32,False,False
5.155365547238373,0.34664660672244696,0.01996991008367042,0.0003733686296826421,0.00037276825188089233,0.0003739690074843919,32,False,False
5.186610186918605,0.34708476013473083,0.020627140202096175,0.00036915307392854535,0.0003679541867566015,0.0003703519611004892,32,False,False
5.217854826598837,0.34748444588414257,0.021226668826213844,0.00026901253381675426,0.00026799905194342866,0.0002700260156900799,32,False,False
5.24909946627907,0.3479335117528894,0.021900267629334065,0.00022005051755901735,0.0002197628194043489,0.0002203382157136858,32,False,False
5.280344105959302,0.3484673384910159,0.022701007736523816,0.00032323750716389046,0.00032314039850132414,0.00032333461582645677,32,False,False
5.311588745639535,0.3490126695878877,0.023519004381831556,0.0004389710699063841,0.00043810475979721633,0.00043983738001555185,32,False,False
5.342833385319768,0.3494934740477909,0.024240211071686436,0.0004019936117898832,0.00040057925240206293,0.0004034079711777034,32,False,False
5.374078025,0.3499476859677797,0.024921528951669547,0.00028715059612366856,0.00028612800495520787,0.00028817318729212925,32,False,False
5.405322664680233,0.35047394825820116,0.025710922387301785,0.0002646310755117298,0.0002644370589364195,0.00026482509208704014,32,False,False
5.436567304360465,0.35108636234006424,0.026629543510096356,0.000403795469961303,0.0004035735082441614,0.00040401743167844457,32,False,False
5.467811944040697,0.3516884574037665,0.02753268610564974,0.0005039929868929909,0.0005028124716169485,0.0005051735021690335,32,False,False
5.499056583720931,0.3522150869466745,0.028322630420011864,0.0004314485063082662,0.0004298339558696092,0.0004330630567469232,32,False,False
5.530301223401163,0.35273360271972476,0.029100404079587167,0.00030902142816330574,0.0003080394460421054,0.000310003410284506,32,False,False
5.561545863081395,0.3533467385171379,0.030020107775706798,0.00032425941269292673,0.0003241516899531946,0.0003243671354326589,32,False,False
5.592790502761628,0.35404043788271555,0.031060656824073305,0.0004939431738228935,0.0004935152638355201,0.0004943710838102671,32,False,False
5.62403514244186,0.35469843912567395,0.032047658688510845,0.0005661912233747261,0.0005646587296447401,0.0005677237171047121,32,False,False
5.6552797821220935,0.35527568801612364,0.032913532024185475,0.00045782794304013384,0.0004560442715623734,0.00045961161451789427,32,False,False
5.686524421802326,0.3558696361677918,0.03380445425168779,0.0003378159847003565,0.00033692764453789197,0.0003387043248628211,32,False,False
5.717769061482558,0.35657850753017906,0.03486776129526856,0.00040088350064056133,0.0004008296071660468,0.00040093739411507594,32,False,False
5.749013701162791,0.3573543486344786,0.036031522951717944,0.0005906806788922513,0.0005899567043742258,0.0005914046534102767,32,False,False
5.780258340843023,0.35806745111746774,0.03710117667620159,0.00062373338683032,0.0006218264457433927,0.0006256403279172471,32,False,False
5.811502980523256,0.3587020443593507,0.03805306653902608,0.00048214729987652524,0.0004802427396772435,0.00048405186007580695,32,False,False
5.842747620203489,0.35938352688306724,0.03907529032460091,0.0003773772617727105,0.0003766317473729309,0.00037812277617249015,32,False,False
5.873992259883721,0.360195568817018,0.040293353225526934,0.0004951933582932465,0.0004951317228917486,0.0004952549936947445,32,False,False
5.9052368995639535,0.3610525707004803,0.04157885605072038,0.0006903538892121747,0.0006892425820308024,0.0006914651963935469,32,False,False
5.936481539244186,0.3618206209384119,0.04273093140761783,0.0006753635627866572,0.0006730792085270456,0.0006776479170462689,32,False,False
5.967726178924419,0.36252137865238687,0.043782067978580363,0.0005062786104347323,0.0005043185607339294,0.0005082386601355353,32,False,False
5.9989708186046515,0.36330293513433803,0.04495440270150705,0.00043184423548034515,0.0004312774437507421,0.0004324110272099482,32,False,False
6.030215458284884,0.36422356899565145,0.04633535349347722,0.0006062892910791203,0.0006061287274859051,0.0006064498546723356,32,False,False
6.061460097965116,0.36515913140618395,0.04773869710927587,0.0007890760861390402,0.0007874939750189777,0.0007906581972591027,32,False,False
6.092704737645349,0.365983261855559,0.048974892783338504,0.0007205176990392854,0.0007178758952231977,0.0007231595028553731,32,False,False
6.123949377325582,0.3667610789521735,0.0501416184282603,0.0005330739273139708,0.0005311386558861765,0.0005350091987417652,32,False,False
6.155194017005814,0.36765501295250574,0.05148251942875863,0.0005051116952409224,0.0005047355156292863,0.0005054878748525584,32,False,False
6.186438656686047,0.3686871489629077,0.053030723444361584,0.0007315743302686978,0.0007311978045590016,0.0007319508559783939,32,False,False
6.217683296366279,0.36969749707049626,0.05454624560574443,0.0008831696993500275,0.0008810499848225694,0.0008852894138774856,32,False,False
6.2489279360465115,0.37058072180301416,0.05587108270452118,0.0007594186798390583,0.0007564648070018909,0.0007623725526762257,32,False,False
6.280172575726744,0.37144834061720927,0.05717251092581384,0.000566393676051093,0.000564572784095531,0.0005682145680066552,32,False,False
6.311417215406977,0.3724659413435856,0.05869891201537847,0.0006001736860269698,0.0005999656630217365,0.000600381709032203,32,False,False
6.34266185508721,0.3736096403965477,0.06041446059482155,0.0008669175402992047,0.0008661902261948104,0.000867644854403599,32,False,False
6.373906494767442,0.3746904794402262,0.06203571916033932,0.000969553890859247,0.0009668542324824263,0.0009722535492360676,32,False,False
6.405151134447674,0.3756381734661496,0.06345726019922436,0.0007931823201507713,0.0007899884003836821,0.0007963762399178605,32,False,False
6.436395774127907,0.3766097442349559,0.06491461635243388,0.0006109641607892879,0.0006093472339968013,0.0006125810875817745,32,False,False
6.46764041380814,0.37776044905220024,0.06664067357830036,0.0007184677208943211,0.0007183632034039469,0.0007185722383846953,32,False,False
6.498885053488372,0.37901281409510745,0.06851922114266117,0.0010070743929803862,0.0010058552170602929,0.0010082935689004794,32,False,False
6.530129693168605,0.38016014362449874,0.0702402154367481,0.0010460308775605436,0.0010427394385376086,0.0010493223165834785,32,False,False
6.561374332848837,0.38118033758123776,0.07177050637185671,0.0008239441425355227,0.0008206081949101096,0.0008272800901609358,32,False,False
6.59261897252907,0.38227077619234756,0.0734061642885213,0.0006720074164763418,0.0006706710288487145,0.0006733438041039691,32,False,False
6.623863612209303,0.38356133449528756,0.07534200174293143,0.0008593618942926716,0.0008592507769545714,0.0008594730116307718,32,False,False
6.655108251889535,0.3849166903905861,0.07737503558587917,0.0011462911817368003,0.0011444464028881342,0.0011481359605854662,32,False,False
6.686352891569768,0.3861276968371909,0.07919154525578628,0.0011114626755948983,0.0011076021862452302,0.0011153231649445666,32,False,False
6.71759753125,0.3872311372868434,0.08084670593026513,0.0008549796744728175,0.0008516223166344679,0.000858337032311167,32,False,False
6.748842170930232,0.3884553013126572,0.08268295196898573,0.0007546341150452998,0.0007536263661250676,0.0007556418639655319,32,False,False
6.780086810610466,0.3898890170598932,0.08483352558983981,0.0010199162958429127,0.001019645930383453,0.0010201866613023722,32,False,False
6.811331450290698,0.39133941249875126,0.08700911874812686,0.00127897995991486,0.0012763969964467612,0.0012815629233829588,32,False,False
6.8425760899709305,0.3926133374045016,0.08892000610675248,0.0011658655088557313,0.0011614954022932252,0.0011702356154182371,32,False,False
6.873820729651163,0.393813286440704,0.090719929661056,0.0008907517003036097,0.0008875090138733973,0.000893994386733822,32,False,False
6.905065369331395,0.3951850002862252,0.09277750042933783,0.0008630572849167194,0.0008623820963541788,0.00086373247347926,32,False,False
6.936310009011628,0.39676114682323677,0.09514172023485513,0.0011950014869276382,0.0011943863336690353,0.001195616640186241,32,False,False
6.967554648691861,0.3982971720848532,0.09744575812727985,0.0014003422044762824,0.0013969420074757706,0.001403742401476794,32,False,False
6.998799288372093,0.3996360478834784,0.09945407182521755,0.0012104662256551446,0.0012056829177736154,0.001215249533536674,32,False,False
7.030043928052326,0.40094781779052585,0.10142172668578878,0.0009367946643411855,0.0009338066067814644,0.0009397827219009065,32,False,False
7.061288567732558,0.4024787899741464,0.10371818496121955,0.000999752397713102,0.0009993565425812517,0.0010001482528449526,32,False,False
7.0925332074127905,0.404192300333633,0.10628845050044959,0.0013777810638389973,0.0013766183837072687,0.0013789437439707258,32,False,False
7.123777847093024,0.40580416545661163,0.10870624818491743,0.0015068455260030687,0.0015025922374571029,0.0015110988145490346,32,False,False
7.155022486773256,0.40721332338516025,0.11081998507774042,0.001247755573767803,0.001242690685583762,0.0012528204619518437,32,False,False
7.1862671264534885,0.4086535579746711,0.11298033696200668,0.000999354327275823,0.0009967486866904718,0.0010019599678611742,32,False,False
7.217511766133721,0.41035225229134714,0.1155283784370207,0.001164735616650555,0.001164501608487077,0.0011649696248140328,32,False,False
7.248756405813953,0.4121937827080406,0.11829067406206079,0.0015604824545665985,0.0015585721239553731,0.001562392785177824,32,False,False
7.280001045494187,0.41387255185514066,0.12080882778271099,0.001596509498752568,0.0015914167548946453,0.0016016022426104907,32,False,False
7.311245685174419,0.415360833898476,0.12304125084771404,0.0012815383780973568,0.0012763542508163468,0.0012867225053783669,32,False,False
7.342490324854651,0.41694655711676304,0.12541983567514461,0.0010847467074094662,0.001082619703727334,0.0010868737110915987,32,False,False
7.373734964534884,0.41881710593893934,0.128225658908409,0.0013551365496560874,0.0013548839024169871,0.0013553891968951877,32,False,False
7.404979604215116,0.420773543141361,0.13116031471204145,0.0017353158670906225,0.0017324815674146258,0.0017381501667666191,32,False,False
7.436224243895349,0.4225123841860876,0.13376857627913138,0.0016690135723543805,0.0016631473701768109,0.00167487977453195,32,False,False
7.467468883575582,0.4240920256160187,0.1361380384240281,0.0013169352408903454,0.0013118167249107332,0.0013220537568699579,32,False,False
7.498713523255814,0.42583948314061004,0.1387592247109151,0.0011984753214753065,0.0011968712208064712,0.0012000794221441416,32,False,False
7.529958162936047,0.42788076259682645,0.14182114389523967,0.0015651988589879392,0.0015646948902201458,0.0015657028277557326,32,False,False
7.561202802616279,0.4299361931887722,0.14490428978315834,0.0018953727356582008,0.0018914815526347387,0.0018992639186816629,32,False,False
7.592447442296512,0.43173148861919713,0.14759723292879565,0.0017256834693023825,0.0017191617972885317,0.0017322051413162331,32,False,False
7.623692081976745,0.4334176686291385,0.15012650294370772,0.0013602518552798585,0.001355393351480899,0.001365110359078818,32,False,False
7.654936721656977,0.4353409979541621,0.1530114969312432,0.00134423263184702,0.001343125797071477,0.0013453394666225627,32,False,False
7.686181361337209,0.43754601044651625,0.15631901566977438,0.001786754847974188,0.001785734407114364,0.0017877752888340124,32,False,False
7.717426001017442,0.4396831001205384,0.1595246501808076,0.002035354813898489,0.0020303327234466487,0.002040376904350329,32,False,False
7.748670640697674,0.44153527987518054,0.16230291981277076,0.0017694219096737861,0.0017624112590055021,0.0017764325603420704,32,False,False
7.7799152803779075,0.4433453581180715,0.16501803717710722,0.0014186248979989238,0.0014142122063471377,0.0014230375896507098,32,False,False
7.81115992005814,0.4454551440659103,0.16818271609886545,0.0015229778766728576,0.0015222611315274515,0.0015236946218182637,32,False,False
7.842404559738372,0.44781086089082844,0.17171629133624267,0.0020101163822114567,0.002008308085768562,0.0020119246786543515,32,False,False
7.873649199418605,0.4500125148446015,0.1750187722669022,0.002152039874797421,0.002145881525269876,0.0021581982243249653,32,False,False
7.904893839098837,0.45192651129111905,0.17788976693667857,0.001804626716637382,0.0017973352180175924,0.0018119182152571713,32,False,False
7.93613847877907,0.4538789744387457,0.18081846165811855,0.0014993842735311967,0.0014955719827631987,0.0015031965642991944,32,False,False
7.967383118459303,0.45618078549657626,0.1842711782448644,0.0017323095227405338,0.001731792272330577,0.0017328267731504907,32,False,False
7.998627758139535,0.4586685762876728,0.18800286443150924,0.002225226448144606,0.0022223816712458534,0.002228071225043358,32,False,False
8.029872397819767,0.4609196908189115,0.19137953622836723,0.0022444676338753797,0.0022372399346902595,0.0022516953330605,32,False,False
8.0611170375,0.4629049674336743,0.1943574511505115,0.0018370875659963091,0.0018297540819614774,0.0018444210500311406,32,False,False
8.092361677180232,0.4650181091639382,0.19752716374590729,0.0016091452446665476,0.001606031953134117,0.0016122585361989783,32,False,False
8.123606316860466,0.46751116009152055,0.20126674013728083,0.001966313171300793,0.0019657313414055593,0.001966895001196026,32,False,False
8.154850956540697,0.47010787108534835,0.20516180662802255,0.002422861336598135,0.0024187817062851576,0.0024269409669111126,32,False,False
8.18609559622093,0.47239695688942845,0.20859543533414274,0.0023138945979075884,0.0023057345265067326,0.002322054669308444,32,False,False
8.217340235901164,0.47446711041269096,0.21170066561903644,0.0018738018682212488,0.0018666802351501315,0.001880923501292366,32,False,False
8.248584875581395,0.4767574716059804,0.21513620740897063,0.0017527345852373548,0.001750339733612593,0.0017551294368621166,32,False,False
8.279829515261628,0.4794336063470162,0.21915040952052428,0.0022159776495822413,0.002215015412514167,0.0022169398866503163,32,False,False
8.31107415494186,0.48211325046802966,0.22316987570204447,0.002595669562520085,0.0025902291364462834,0.0026011099885938863,32,False,False
8.342318794622093,0.48443372183990335,0.22665058275985503,0.0023636054550014293,0.002354712932466168,0.002372497977536691,32,False,False
8.373563434302326,0.48660568820014544,0.22990853230021807,0.0019226179699708555,0.0019159559994051513,0.0019292799405365598,32,False,False
8.404808073982558,0.48908630597123914,0.2336294589568587,0.0019321418733111474,0.0019303888608533824,0.0019338948857689122,32,False,False
8.436052713662791,0.4919295197732374,0.23789427965985607,0.0024701450572132536,0.002468465979627562,0.002471824134798945,32,False,False
8.467297353343023,0.49466542832530735,0.24199814248796106,0.0027388896772072343,0.002732049205672831,0.002745730148741637,32,False,False
8.498541993023256,0.49701640544569187,0.2455246081685378,0.002398661294644302,0.002389287889247766,0.0024080347000408377,32,False,False
8.52978663270349,0.49930930822545916,0.2489639623381888,0.0019916278858787637,0.0019856417989754425,0.0019976139727820854,32,False,False
8.56103127238372,0.501987870151886,0.2529818052278289,0.002145730142350058,0.0021444402358051576,0.002147020048894959,32,False,False
8.592275912063954,0.504974569790844,0.25746185468626603,0.0027168392369962026,0.0027141225194265363,0.0027195559545658693,32,False,False
8.623520551744186,0.5077417564416171,0.2616126346624257,0.0028506770353408564,0.002842489285899946,0.002858864784781767,32,False,False
8.654765191424419,0.5101283042702568,0.2651924564053852,0.0024256245973160503,0.0024160583801834438,0.0024351908144486564,32,False,False
8.686009831104652,0.5125619776045421,0.2688429664068133,0.002088289816941238,0.0020831363216385823,0.002093443312243893,32,False,False
8.717254470784884,0.5154390473170806,0.27315857097562074,0.0023879249743866356,0.0023868251300842884,0.002389024818688983,32,False,False
8.748499110465117,0.5185391707296745,0.2778087560945117,0.0029447295572484445,0.002940705955328956,0.002948753159167933,32,False,False
8.779743750145348,0.5213166028525985,0.2819749042788978,0.0029320663520011362,0.002922672943694962,0.002941459760307311,32,False,False
8.810988389825582,0.5237494056963321,0.2856241085444981,0.002452241909512016,0.0024427883543177917,0.0024616954647062404,32,False,False
8.842233029505815,0.5263426184011112,0.2895139276016667,0.00221835469170255,0.002214104504084013,0.0022226048793210873,32,False,False
8.873477669186046,0.5294101718841139,0.2941152578261709,0.00264951780908094,0.0026482630972202168,0.002650772520941663,32,False,False
8.90472230886628,0.5325891583569882,0.2988837375354823,0.0031444643842013465,0.0031389465046496264,0.0031499822637530667,32,False,False
8.935966948546511,0.5353616369412135,0.30304245541182023,0.0029866667483016644,0.0029762878814006835,0.0029970456152026456,32,False,False
8.967211588226744,0.5378561605139273,0.3067842407708909,0.0024870190806320427,0.0024779778729058415,0.0024960602883582436,32,False,False
8.998456227906978,0.5406245848795107,0.31093687731926595,0.0023847676938539733,0.0023813853748980377,0.002388150012809909,32,False,False
9.02970086758721,0.5438651439038196,0.31579771585572936,0.00291858942126138,0.002916797830224494,0.0029203810122982662,32,False,False
9.060945507267443,0.5470865881182226,0.32062988217733385,0.0033096537211595124,0.003302556598279445,0.0033167508440395794,32,False,False
9.092190146947674,0.5498460051068006,0.3247690076602009,0.0030202102256397367,0.003009128945763539,0.0030312915055159344,32,False,False
9.123434786627907,0.5524212168823194,0.328631825323479,0.0025386144028600507,0.002530252645292654,0.0025469761604274476,32,False,False
9.15467942630814,0.5553752373329852,0.3330628559994778,0.002586780564797542,0.0025841155851267497,0.0025894455444683342,32,False,False
9.185924065988372,0.5587618760892964,0.3381428141339447,0.0031819176062847458,0.003179212354209633,0.003184622858359859,32,False,False
9.217168705668605,0.5619905541797724,0.3429858312696585,0.0034373767006429237,0.003428726513275159,0.0034460268880106885,32,False,False
9.248413345348837,0.5647364040102604,0.3471046060153906,0.003040051198984626,0.0030285935090825023,0.00305150888888675,32,False,False
9.27965798502907,0.567413114485897,0.3511196717288457,0.0026150125537806298,0.00260753611099703,0.0026224889965642292,32,False,False
9.310902624709303,0.570555654850641,0.35583348227596145,0.0028195151496868583,0.0028173078254880744,0.0028217224738856417,32,False,False
9.342147264389535,0.5740530695579448,0.36107960433691716,0.00342661859774482,0.003422671426906039,0.0034305657685836004,32,False,False
9.373391904069768,0.5772579340397788,0.3658869010596681,0.003528207303390796,0.0035181381983909665,0.0035382764083906264,32,False,False
9.40463654375,0.5799970718700024,0.36999560780500357,0.003054656716495537,0.0030431683167585974,0.003066145116232477,32,False,False
9.435881183430233,0.5827959436479418,0.37419391547191266,0.0027225222771140355,0.0027160485427904072,0.002728996011437664,32,False,False
9.467125823110464,0.5861205863793543,0.37918087956903135,0.0030741486974685045,0.003072052192953246,0.003076245201983763,32,False,False
9.498370462790698,0.5896872572105418,0.38453088581581274,0.0036417224710161783,0.0036362911861769695,0.0036471537558553867,32,False,False
9.529615102470931,0.5928439910603913,0.38926598659058703,0.0035858491827466324,0.0035745898740252987,0.0035971084914679665,32,False,False
9.560859742151163,0.5955897181824183,0.39338457727362747,0.0030730672777627183,0.0030618874060737047,0.003084247149451732,32,False,False
9.592104381831396,0.5985289950891083,0.39779349263366237,0.0028647333146996686,0.002859269940196203,0.002870196689203134,32,False,False
9.623349021511627,0.6020187323732649,0.40302809855989724,0.003338764733778794,0.003336381208373461,0.003341148259184127,32,False,False
9.65459366119186,0.6056100052731049,0.40841500790965746,0.0038194070890537543,0.003812361862353201,0.0038264523157543083,32,False,False
9.685838300872094,0.6087028048199099,0.4130542072298649,0.003616525378642472,0.00360437811518666,0.003628672642098284,32,False,False
9.717082940552325,0.6114734047006137,0.4172101070509207,0.0031042714217636666,0.0030937045307178907,0.0031148383128094424,32,False,False
9.748327580232559,0.6145664565933462,0.42184968489001934,0.003041642787735355,0.0030370772641041847,0.003046208311366525,32,False,False
9.77957221991279,0.6181934151688715,0.42729012275330724,0.003599758733627876,0.0035966847191959573,0.0036028327480597945,32,False,False
9.810816859593023,0.6217651357175441,0.4326477035763161,0.003955708875934315,0.00394704416921229,0.003964373582656341,32,False,False
9.842061499273257,0.6247875365701013,0.43718130485515205,0.0036282652121055604,0.003615579809093634,0.003640950615117487,32,False,False
9.873306138953488,0.6276043814680298,0.44140657220204466,0.0031564480126874054,0.003146734917479265,0.003166161107895546,32,False,False
9.904550778633721,0.6308572461471383,0.44628586922070745,0.003249180614039903,0.0032452846431344235,0.003253076584945382,32,False,False
9.935795418313953,0.6345836351309878,0.45187545269648166,0.003843555603480318,0.003839429634285267,0.0038476815726753684,32,False,False
9.967040057994186,0.6380958372944615,0.4571437559416922,0.004050655690600734,0.00404048735799743,0.004060824023204038,32,False,False
9.99828469767442,0.6410505596408447,0.461575839461267,0.003630184441285925,0.0036173296019071386,0.003643039280664712,32,False,False
10.029529337354651,0.6439358840123388,0.46590382601850816,0.0032360850933482975,0.0032273764957116255,0.003244793690984969,32,False,False
10.060773977034884,0.6473450894771374,0.4710176342157061,0.0034793147287209324,0.003475765039749444,0.00348286441769242,32,False,False
10.092018616715116,0.6511254392540305,0.47668815888104593,0.00405832206591232,0.004052867022800066,0.004063777109024575,32,False,False
10.123263256395349,0.6545455649978038,0.48181834749670577,0.004107891357159948,0.004096440855215684,0.004119341859104213,32,False,False
10.154507896075582,0.6574434915202373,0.48616523728035593,0.0036317890983979893,0.0036191226627344153,0.0036444555340615636,32,False,False
10.185752535755814,0.6604179134221749,0.49062687013326234,0.0033470666759729617,0.0033394030863986898,0.0033547302655472337,32,False,False
10.216997175436047,0.6639689442273089,0.49595341634096335,0.0037208039120838047,0.0037172180235580765,0.003724389800609533,32,False,False
10.248241815116279,0.6677534646942077,0.5016301970413115,0.004235365176685435,0.004228418888533211,0.00424231146483766,32,False,False
10.279486454796512,0.6710586798751041,0.5065880198126563,0.004133945645333214,0.004121514762323602,0.004146376528342826,32,False,False
10.310731094476745,0.6739171554410408,0.5108757331615612,0.0036422814274100976,0.003630120901507958,0.0036544419533122378,32,False,False
10.341975734156977,0.6769970516840537,0.5154955775260806,0.00348989484511972,0.003483197284334373,0.0034965924059050676,32,False,False
10.37322037383721,0.6806638329209044,0.5209957493813567,0.003960519070580667,0.003956501266320375,0.0039645368748409595,32,False,False
10.404465013517441,0.6844024851233735,0.5266037276850604,0.004369993022611986,0.0043615230576386655,0.004378462987585306,32,False,False
10.435709653197675,0.687580832736868,0.531371249105302,0.004137329340980109,0.004124269293683304,0.004150389388276913,32,False,False
10.466954292877908,0.6904214880130212,0.5356322320195317,0.0036698320872234707,0.003658427054580443,0.003681237119866498,32,False,False
10.49819893255814,0.6936163969442385,0.5404245954163577,0.0036612490901236187,0.0036553241173296266,0.0036671740629176104,32,False,False
10.529443572238373,0.6973620804300116,0.5460431206450174,0.004185116621653056,0.004180307005050305,0.004189926238255808,32,False,False
10.560688211918604,0.7010087904823541,0.5515131857235313,0.00446174563424314,0.004451847230326207,0.004471644038160073,32,False,False
10.591932851598838,0.7040591344540417,0.5560887016810625,0.004127605473250851,0.004114283811674699,0.004140927134827004,32,False,False
10.62317749127907,0.7069054044352351,0.5603581066528527,0.0037208121985929377,0.0037103209105433135,0.0037313034866425614,32,False,False
10.654422130959302,0.7102157250428611,0.5653235875642918,0.0038540569896716604,0.003848617512755407,0.0038594964665879137,32,False,False
10.685666770639536,0.713994871323154,0.5709923069847308,0.004382760293493421,0.004376878912037774,0.0043886416749490675,32,False,False
10.716911410319767,0.7175112722577767,0.5762669083866649,0.00451404329708339,0.004502922225885919,0.004525164368280861,32,False,False
10.74815605,0.7204421716712194,0.5806632575068292,0.004114525047784628,0.004101293015408135,0.004127757080161122,32,False,False
10.779400689680234,0.723316643569631,0.5849749653544466,0.003799040653957756,0.003789513849486634,0.0038085674584288783,32,False,False
10.810645329360465,0.7267319782380722,0.5900979673571084,0.004058157919346871,0.004052858275538833,0.004063457563154909,32,False,False
10.841889969040698,0.73049397241763,0.5957409586264449,0.004544577975801388,0.004537456931079141,0.004551699020523634,32,False,False
10.87313460872093,0.733852151520292,0.600778227280438,0.004533404530483908,0.004521348714692751,0.0045454603462750645,32,False,False
10.904379248401163,0.7366799229416232,0.6050198844124348,0.004107250839246511,0.004094413158638003,0.004120088519855018,32,False,False
10.935623888081395,0.7396016396600601,0.6094024594900901,0.003905167449103063,0.0038965427325787128,0.003913792165627414,32,False,False
10.966868527761628,0.7431001434136144,0.6146502151204216,0.004261508456383803,0.004255989161571924,0.004267027751195682,32,False,False
10.998113167441861,0.7467934263750639,0.6201901395625957,0.0046656089666475935,0.004657207871015597,0.0046740100622795905,32,False,False
11.029357807122093,0.7499773559837047,0.6249660339755573,0.004528432436569742,0.004515777037375318,0.004541087835764166,32,False,False
11.060602446802326,0.7527236156506062,0.6290854234759092,0.004113653973600846,0.004101442784511103,0.0041258651626905896,32,False,False
11.091847086482558,0.7557054967300098,0.6335582450950146,0.004036350221802647,0.004028459679636449,0.004044240763968843,32,False,False
11.12309172616279,0.7592545140159269,0.6388817710238903,0.004451744766693843,0.004445679988267844,0.00445780954511984,32,False,False
11.154336365843024,0.7628310260465857,0.6442465390698786,0.00474511945089589,0.004735522867756491,0.004754716034035289,32,False,False
11.185581005523256,0.7658366057692866,0.6487549086539299,0.004508755379874659,0.004495845920675787,0.004521664839073531,32,False,False
11.216825645203489,0.7685255513007995,0.652788326951199,0.004139667049021169,0.004128221939336237,0.0041511121587061,32,False,False
11.24807028488372,0.771572160933573,0.6573582414003594,0.0041863677858857045,0.0041789597870425235,0.0041937757847288855,32,False,False
11.279314924563954,0.7751302481791679,0.6626953722687519,0.004617822229816345,0.004610962156316072,0.004624682303316618,32,False,False
11.310559564244187,0.7785494257478197,0.6678241386217295,0.004786305860625965,0.004775704580770214,0.004796907140481716,32,False,False
11.341804203924418,0.7813832934835414,0.6720749402253121,0.004484049332884564,0.004471206617801401,0.004496892047967726,32,False,False
11.373048843604652,0.7840389259256856,0.6760583888885282,0.0041887146047463256,0.00417807104388009,0.004199358165612561,32,False,False
11.404293483284883,0.7871448807028941,0.6807173210543411,0.004346241293352652,0.004339014858937728,0.004353467727767577,32,False,False
11.435538122965117,0.7906650636192453,0.6859975954288678,0.004751431820671571,0.00474363296423794,0.0047592306771052015,32,False,False
11.46678276264535,0.7938968195579076,0.6908452293368615,0.004795519349089073,0.004784179750706656,0.004806858947471489,32,False,False
11.498027402325581,0.7965742432623641,0.6948613648935462,0.004463201800539116,0.0044506914107988104,0.004475712190279422,32,False,False
11.529272042005815,0.7992176849980345,0.6988265274970517,0.004261288965727628,0.004251377515361655,0.004271200416093601,32,False,False
11.560516681686046,0.802367007940464,0.7035505119106961,0.004505325634947578,0.004497973001061884,0.0045126782688332725,32,False,False
11.59176132136628,0.80580086962557,0.7087013044383549,0.004847943637287905,0.004839182492559972,0.004856704782015837,32,False,False
11.623005961046513,0.8088271963817381,0.7132407945726071,0.004781211679984928,0.004769438567010181,0.004792984792959676,32,False,False
11.654250600726744,0.8113694149160479,0.7170541223740717,0.004453620666074022,0.004441629072399625,0.004465612259748418,32,False,False
11.685495240406977,0.8140164717675936,0.7210247076513905,0.004354778316628069,0.0043454363268992475,0.004364120306356892,32,False,False
11.716739880087209,0.817183129752789,0.7257746946291834,0.004652713431325897,0.004644964278624469,0.004660462584027325,32,False,False
11.747984519767442,0.8204851412603497,0.7307277118905244,0.0049067442229830185,0.004897112951950829,0.004916375494015207,32,False,False
11.779229159447675,0.8233002450959525,0.7349503676439285,0.004752803241199158,0.0047409014730940904,0.004764705009304225,32,False,False
11.810473799127907,0.8257315974335032,0.7385973961502548,0.004460674642253994,0.004449293594230946,0.004472055690277042,32,False,False
11.84171843880814,0.828390741942,0.7425861129129999,0.004463649397062714,0.004454645334995693,0.004472653459129737,32,False,False
11.872963078488372,0.8315404445216735,0.7473106667825102,0.004778711443334756,0.004770371423960261,0.004787051462709251,32,False,False
11.904207718168605,0.8346718899816145,0.7520078349724219,0.004930967098456671,0.004920653155008406,0.004941281041904937,32,False,False
11.935452357848838,0.8372810167501736,0.7559215251252603,0.0047196326790152196,0.004707871967752891,0.0047313933902775485,32,False,False
11.96669699752907,0.8396261232247042,0.7594391848370563,0.004487264028131379,0.004476484729767841,0.004498043326494916,32,False,False
11.997941637209303,0.8422971125816551,0.7634456688724826,0.004580042182537422,0.0045711104930310775,0.004588973872043767,32,False,False
12.029186276889535,0.8453902310940776,0.7680853466411165,0.004876119665079793,0.0048670966613756205,0.004885142668783965,32,False,False
12.060430916569768,0.8483221625774929,0.7724832438662396,0.004926738856937895,0.004915992934629084,0.004937484779246705,32,False,False
12.091675556250001,0.8507394537832208,0.7761091806748313,0.004690077716326737,0.004678663708033059,0.0047014917246204135,32,False,False
12.122920195930233,0.8530206341551323,0.7795309512326984,0.004533557489468798,0.00452327581250971,0.0045438391664278845,32,False,False
12.154164835610466,0.8556939833335493,0.7835409750003238,0.004694746101124522,0.004685628121362508,0.004703864080886534,32,False,False
12.185409475290697,0.8586892247099446,0.7880338370649169,0.004941088345012931,0.004931402193109144,0.004950774496916718,32,False,False
12.21665411497093,0.8614040850458636,0.7921061275687956,0.004902133165396561,0.004891231091929224,0.004913035238863899,32,False,False
12.247898754651164,0.8636498759023269,0.7954748138534903,0.004670877445107998,0.004659931097995181,0.004681823792220813,32,False,False
12.279143394331395,0.8658849399723714,0.7988274099585569,0.004596958236415963,0.004586991509500066,0.004606924963331861,32,False,False
12.310388034011629,0.8685424150738591,0.8028136226107886,0.004798433123936265,0.004788917787956971,0.00480794845991556,32,False,False
12.34163267369186,0.8714007213467708,0.8071010820201562,0.0049734230631983765,0.004963197660387579,0.004983648466009175,32,False,False
12.372877313372094,0.8738925356286659,0.8108388034429989,0.004866040726077209,0.004855244915937967,0.004876836536216452,32,False,False
12.404121953052325,0.8759904843416487,0.8139857265124729,0.004666648406262711,0.004656194943622113,0.004677101868903308,32,False,False
12.435366592732558,0.8781910172781888,0.8172865259172833,0.0046723680109754685,0.00466248259380621,0.004682253428144727,32,False,False
12.466611232412792,0.8808071892639112,0.8212107838958669,0.004882945730992474,0.004872903235031215,0.004892988226953733,32,False,False
12.497855872093023,0.8834952799196868,0.8252429198795302,0.0049763315344471286,0.004965771491661391,0.004986891577232866,32,False,False
12.529100511773256,0.8857685688663778,0.8286528532995667,0.004827124828007918,0.0048166499620444165,0.004837599693971419,32,False,False
12.560345151453488,0.887742922000089,0.8316143830001335,0.004679582723457143,0.004669551023204426,0.00468961442370986,32,False,False
12.591589791133721,0.8899131932437783,0.8348697898656674,0.004752782611433337,0.004742729641960031,0.004762835580906642,32,False,False
12.622834430813954,0.8924579176400164,0.8386868764600245,0.004942410571979155,0.004931813130013009,0.004953008013945302,32,False,False
12.654079070494186,0.8949509666146889,0.8424264499220333,0.004955715998141753,0.004945072493977062,0.004966359502306444,32,False,False
12.68532371017442,0.8970187161702733,0.8455280742554099,0.00479296774664882,0.00478295399317894,0.004802981500118699,32,False,False
12.71656834985465,0.898891914530409,0.8483378717956135,0.004709332895911788,0.004699565787468922,0.004719100004354652,32,False,False
12.747812989534884,0.9010285351279764,0.8515428026919648,0.0048301881401132144,0.004819742964407418,0.004840633315819011,32,False,False
12.779057629215117,0.9034700449097518,0.8552050673646276,0.00497397852912602,0.004962904661931345,0.004985052396320695,32,False,False
12.810302268895349,0.9057531651030922,0.8586297476546383,0.004919186959137485,0.004908718710275414,0.004929655207999555,32,False,False
12.841546908575582,0.9076342668876004,0.8614514003314007,0.004769447004537641,0.00475994279344716,0.00477895121562812,32,False,False
12.872791548255814,0.9094250150529541,0.8641375225794313,0.004753109005494975,0.004743384264075795,0.004762833746914156,32,False,False
12.904036187936047,0.9115174268450418,0.8672761402675626,0.004896650187984112,0.004885649626581389,0.004907650749386833,32,False,False
12.93528082761628,0.9138255960183811,0.8707383940275718,0.004978072850599317,0.004966694752422499,0.0049894509487761335,32,False,False
12.966525467296512,0.9158940401962541,0.8738410602943812,0.0048749926931112,0.004864927890552472,0.004885057495669929,32,False,False
12.997770106976745,0.9176106007313155,0.8764159010969731,0.004760335186708294,0.0047512905676908145,0.004769379805725773,32,False,False
13.029014746656976,0.9193324759569101,0.8789987139353651,0.004806019955046644,0.004796080624647073,0.004815959285446215,32,False,False
13.06025938633721,0.921364267256358,0.882046400884537,0.004945426612641133,0.004933797923059298,0.004957055302222969,32,False,False
13.091504026017443,0.9235135624706224,0.8852703437059338,0.004958133579659898,0.00494669018893415,0.004969576970385646,32,False,False
13.122748665697674,0.9253717777665514,0.8880576666498271,0.004831030213642829,0.004821534195768545,0.004840526231517114,32,False,False
13.153993305377908,0.9269466106727332,0.8904199160090999,0.004767100594668656,0.004758371546977256,0.004775829642360056,32,False,False
13.18523794505814,0.9286072671702993,0.8929109007554491,0.004861670394976393,0.004851261525126155,0.004872079264826631,32,False,False
13.216482584738372,0.9305581853332979,0.895837277999947,0.004971910794723228,0.004959687217921109,0.004984134371525346,32,False,False
13.247727224418606,0.932529887767962,0.8987948316519428,0.004919948173600842,0.0049087088891006155,0.0049311874581010684,32,False,False
13.278971864098837,0.9341897267476785,0.901284590121518,0.004794045322970364,0.004785197183678038,0.00480289346226269,32,False,False
13.31021650377907,0.9356442343458107,0.903466351518716,0.004788894115506662,0.004780257626417712,0.004797530604595612,32,False,False
13.341461143459302,0.9372452444230152,0.9058678666345228,0.004912979599133479,0.004901886904805367,0.004924072293461592,32,False,False
13.372705783139535,0.9390936497475666,0.9086404746213498,0.004974238162885986,0.004961558166754545,0.004986918159017427,32,False,False
13.403950422819769,0.9408770803725103,0.9113156205587652,0.004870726510823052,0.004859951570417766,0.004881501451228338,32,False,False
13.4351950625,0.9423555483500845,0.9135333225251269,0.004769067384655887,0.004760847169114964,0.00477728760019681,32,False,False
13.466439702180233,0.9437081012437059,0.9155621518655587,0.004822723816979969,0.004813902842603756,0.004831544791356183,32,False,False
13.497684341860465,0.9452454453561993,0.9178681680342989,0.004953133131075735,0.004941218000623014,0.004965048261528456,32,False,False
13.528928981540698,0.94697086009537,0.9204562901430552,0.004953456278703422,0.004940546531710795,0.004966366025696048,32,False,False
13.560173621220931,0.9485635380906906,0.9228453071360357,0.004818101819857744,0.004808005131847891,0.004828198507867598,32,False,False
13.591418260901163,0.9498804435522664,0.9248206653283997,0.004759075847654265,0.004751362801205113,0.004766788894103417,32,False,False
13.622662900581396,0.9511452999061029,0.9267179498591542,0.004863828834785303,0.004854525239287864,0.004873132430282742,32,False,False
13.653907540261628,0.9526104602508942,0.9289156903763414,0.004976529628343317,0.004963754791181901,0.004989304465504733,32,False,False
13.685152179941861,0.9541958441315844,0.9312937661973766,0.004913251944494759,0.0049003969487527495,0.004926106940236768,32,False,False
13.716396819622094,0.9556026967983032,0.9334040451974548,0.004769215019790175,0.004759934014798154,0.004778496024782195,32,False,False
13.747641459302326,0.9567784968683052,0.9351677453024578,0.004764874383153836,0.0047574559531676115,0.004772292813140059,32,False,False
13.778886098982559,0.9579652650992272,0.9369478976488408,0.004906251941107272,0.004896184234641037,0.0049163196475735076,32,False,False
13.81013073866279,0.9593467997419146,0.939020199612872,0.004979567605129904,0.004966008871267709,0.0049931263389921,32,False,False
13.841375378343024,0.9607802377072652,0.9411703565608979,0.004859315376007157,0.004846818860009737,0.004871811892004578,32,False,False
13.872620018023255,0.9620121188001528,0.943018178200229,0.00472998954917664,0.004721564926774218,0.004738414171579063,32,False,False
13.903864657703489,0.9630661485591533,0.9445992228387298,0.004785146787702386,0.004777737565300556,0.004792556010104215,32,False,False
13.935109297383722,0.964179776424943,0.9462696646374145,0.0049435804748619375,0.004932521923928815,0.004954639025795061,32,False,False
13.966353937063953,0.9654651715940772,0.9481977573911158,0.004961134451354297,0.004946976130579389,0.0049752927721292035,32,False,False
13.997598576744187,0.9667407790085644,0.9501111685128466,0.004798484725110391,0.0047866288831316574,0.004810340567089125,32,False,False
14.028843216424418,0.9678126157365559,0.9517189236048338,0.004704641385650964,0.00469700798731148,0.004712274783990448,32,False,False
14.060087856104651,0.9687617929737001,0.9531426894605501,0.00481668216986416,0.004808951433428557,0.004824412906299763,32,False,False
14.091332495784885,0.9698030442470739,0.954704566370611,0.004969780490305328,0.004957592380380484,0.004981968600230172,32,False,False
14.122577135465116,0.9709805890874085,0.9564708836311128,0.004922716727185537,0.00490823116149969,0.004937202292871384,32,False,False
14.15382177514535,0.972098590756643,0.9581478861349645,0.004737832958347029,0.004726841332402347,0.004748824584291712,32,False,False
14.185066414825581,0.9730274697848426,0.9595412046772639,0.00469542158584311,0.004688410382081126,0.004702432789605093,32,False,False
14.216311054505814,0.97388549367317,0.960828240509755,0.0048547639011234,0.004846369681729964,0.004863158120516835,32,False,False
14.247555694186048,0.9748518412678077,0.9622777619017115,0.004980012838586104,0.00496666773059053,0.004993357946581678,32,False,False
14.278800333866279,0.9759122618708216,0.9638683928062324,0.004868124742762894,0.004853639160437017,0.004882610325088771,32,False,False
14.310044973546512,0.9768783459073566,0.9653175188610347,0.004683841663659323,0.004673850168477789,0.004693833158840858,32,False,False
14.341289613226744,0.9776817845722143,0.9665226768583215,0.004702560056624817,0.0046959104678548505,0.004709209645394785,32,False,False
14.372534252906977,0.9784588025391475,0.9676882038087213,0.004893713665622476,0.004884340286177289,0.004903087045067662,32,False,False
14.40377889258721,0.9793456240193654,0.969018436029048,0.004971301603693121,0.00495689254231226,0.00498571066507398,32,False,False
14.435023532267442,0.9802832597250086,0.9704248895875128,0.004802901236139474,0.004788757195455612,0.004817045276823337,32,False,False
14.466268171947675,0.9811074117569913,0.971661117635487,0.004641758290159491,0.004632797074070515,0.004650719506248468,32,False,False
14.497512811627907,0.9818019719834362,0.9727029579751543,0.0047243760579979595,0.00471775738971605,0.00473099472627987,32,False,False
14.52875745130814,0.9825046653061064,0.9737569979591595,0.004927559861652917,0.004916954908342506,0.004938164814963328,32,False,False
14.560002090988373,0.9833065848221709,0.9749598772332564,0.00494294074852399,0.0049276744570992915,0.0049582070399486885,32,False,False
14.591246730668605,0.9841199793388341,0.976179969008251,0.0047335373949041765,0.004720048974829906,0.004747025814978446,32,False,False
14.622491370348838,0.9848150495470825,0.9772225743206236,0.004615178533770599,0.004607165586945925,0.004623191480595273,32,False,False
14.65373601002907,0.9854153653172147,0.9781230479758222,0.0047575299335326,0.0047505703281717025,0.004764489538893499,32,False,False
14.684980649709303,0.9860473887134766,0.9790710830702148,0.004950769050397294,0.004938775084342709,0.004962763016451878,32,False,False
14.716225289389536,0.9867595842417686,0.9801393763626528,0.004896568969406677,0.0048807436901728354,0.004912394248640518,32,False,False
14.747469929069768,0.9874514743536974,0.9811772115305463,0.004666640654165182,0.00465405717763736,0.0046792241306930025,32,False,False
14.77871456875,0.9880317197521747,0.9820475796282622,0.004605848538454504,0.004598594580862458,0.004613102496046551,32,False,False
14.809959208430232,0.9885499418903083,0.9828249128354625,0.004797401839586579,0.004789722619284356,0.0048050810598888015,32,False,False
14.841203848110466,0.989112636133277,0.9836689541999155,0.004958950035118938,0.004945526405595796,0.0049723736646420805,32,False,False
14.872448487790699,0.9897319356138966,0.984597903420845,0.004835906310624877,0.004819877530151596,0.004851935091098157,32,False,False
14.90369312747093,0.9903087233117157,0.9854630849675737,0.0046081849389553575,0.00459666262889343,0.004619707249017285,32,False,False
14.934937767151164,0.9907885158717606,0.9861827738076409,0.004613653824652459,0.004606877172772871,0.0046204304765320465,32,False,False
14.966182406831395,0.9912341355137797,0.9868512032706696,0.0048385857674684354,0.004829838304042325,0.004847333230894546,32,False,False
14.997427046511628,0.9917274128147406,0.987591119222111,0.004949425648475345,0.0049346567515573675,0.004964194545393322,32,False,False
15.028671686191862,0.9922530413150744,0.9883795619726116,0.004766212024878841,0.004750351248833444,0.004782072800924238,32,False,False
15.059916325872093,0.9927239079673648,0.9890858619510471,0.004562933249956949,0.004552518316230488,0.004573348183683411,32,False,False
15.091160965552326,0.9931167277008117,0.9896750915512176,0.004636756605612618,0.0046301063170264625,0.004643406894198774,32,False,False
15.122405605232558,0.9934967177989695,0.9902450766984543,0.004875474381617022,0.00486537584243379,0.004885572920800253,32,False,False
15.153650244912791,0.9939200023672129,0.9908800035508195,0.004921578620450007,0.004905666803164359,0.004937490437735654,32,False,False
15.184894884593024,0.9943539078294884,0.9915308617442327,0.004693570703503276,0.004678223295147949,0.004708918111858603,32,False,False
15.216139524273256,0.994729759296613,0.9920946389449194,0.0045340736572676,0.00452469742774931,0.00454344988678589,32,False,False
15.24738416395349,0.9950475212881162,0.9925712819321743,0.0046718500899007795,0.00466493547776418,0.004678764702037378,32,False,False
15.27862880363372,0.9953667250092462,0.9930500875138694,0.0049028892673784776,0.0048912530478688885,0.004914525486888066,32,False,False
15.309873443313954,0.9957198247228126,0.993579737084219,0.0048769112364627845,0.004860154949862167,0.004893667523063401,32,False,False
15.341118082994186,0.9960665863689764,0.9940998795534647,0.004624135956281913,0.0046095837065644385,0.004638688205999387,32,False,False
15.372362722674419,0.9963590069226772,0.9945385103840159,0.004523063320888522,0.004514548576209535,0.004531578065567509,32,False,False
15.403607362354652,0.9966117161857401,0.9949175742786102,0.004714512097935133,0.004706936443497297,0.004722087752372969,32,False,False
15.434852002034884,0.9968734046649536,0.9953101069974305,0.004916685758482637,0.004903442460696749,0.004929929056268523,32,False,False
15.466096641715117,0.9971572013458964,0.9957358020188446,0.004818812042730398,0.004801572262798512,0.004836051822662283,32,False,False
15.497341281395348,0.9974235940888491,0.9961353911332734,0.004563448887067162,0.004549881652208528,0.0045770161219257964,32,False,False
15.528585921075582,0.9976439457702546,0.9964659186553819,0.0045296484687482545,0.004521725284367901,0.004537571653128608,32,False,False
15.559830560755815,0.9978396388107421,0.9967594582161132,0.004759644434271574,0.004751040291194328,0.004768248577348819,32,False,False
15.591075200436046,0.9980461549605408,0.9970692324408111,0.004914249436328479,0.00489945509900704,0.0049290437736499194,32,False,False
15.62231984011628,0.9982630325756543,0.9973945488634814,0.004752075887210052,0.004734735686330896,0.004769416088089208,32,False,False
15.653564479796511,0.9984573672496491,0.9976860508744736,0.00451591627523895,0.004503415138746086,0.0045284174117318126,32,False,False
15.684809119476744,0.9986161164745008,0.997924174711751,0.004552017504289282,0.004544346568849654,0.00455968843972891,32,False,False
15.716053759156978,0.9987610307695137,0.9981415461542705,0.004801980509373974,0.004792043457346325,0.004811917561401624,32,False,False
15.74729839883721,0.9989144326718326,0.9983716490077488,0.00489480427900097,0.004878634196582433,0.0049109743614195065,32,False,False
15.778543038517443,0.9990684095738612,0.9986026143607918,0.004682268573979954,0.00466519161149711,0.004699345536462797,32,False,False
15.809787678197674,0.9991997852510801,0.99879967787662,0.004484486450218218,0.004473018954744921,0.004495953945691514,32,False,False
15.841032317877907,0.9993060850820124,0.9989591276230184,0.004587052173779698,0.004579253498699309,0.004594850848860088,32,False,False
15.87227695755814,0.999404991455474,0.999107487183211,0.004836626279933214,0.0048251435779423455,0.004848108981924081,32,False,False
15.903521597238372,0.9995076123521468,0.9992614185282203,0.004859479470154162,0.004842208087897766,0.004876750852410558,32,False,False
15.934766236918605,0.9996041954147824,0.9994062931221736,0.004615046577055155,0.004598540030598501,0.0046315531235118085,32,False,False
15.966010876598837,0.9996817876563929,0.9995226814845893,0.004470520124689433,0.00445994659477807,0.0044810936546007965,32,False,False
15.99725551627907,0.9997433027453188,0.9996149541179782,0.004630652873335384,0.004622337767678239,0.0046389679789925285,32,False,False
16.028500155959303,0.9997999346146834,0.9996999019220251,0.004859581592706419,0.004846452196537752,0.0048727109888750866,32,False,False
16.059744795639535,0.9998547908136688,0.9997821862205033,0.004811121959690665,0.0047930915408884636,0.004829152378492868,32,False,False
16.090989435319766,0.9999006137003011,0.9998509205504518,0.004555538071285056,0.004539824304617997,0.004571251837952113,32,False,False
16.122234075,0.9999330900541331,0.9998996350811998,0.004473823826343636,0.004463912873831556,0.004483734778855715,32,False,False
16.153478714680233,0.9999560252991208,0.9999340379486811,0.004678124635806953,0.004668928629230582,0.004687320642383324,32,False,False
16.184723354360464,0.9999735400006745,0.9999603100010117,0.004868174709340968,0.004853417772645763,0.004882931646036173,32,False,False
16.2159679940407,0.9999845435700919,0.9999768153551377,0.004753889461522571,0.004735471981679436,0.004772306941365706,32,False,False
16.24721263372093,0.9999868790214624,0.9999803185321936,0.004507863404529971,0.00449306285223694,0.004522663956823002,32,True,False
16.278457273401163,0.9999819919354835,0.9999729879032253,0.004492803633121229,0.004483254578320388,0.004502352687922069,32,False,False
16.309701913081394,0.9999712738899039,0.9999569108348558,0.004724609898889961,0.004714223960196101,0.004734995837583821,32,False,False
16.34094655276163,0.9999526846270316,0.9999290269405473,0.004861344094788903,0.004845094411359012,0.0048775937782187945,32,False,False
16.37219119244186,0.9999246511604948,0.9998869767407422,0.004692697215057365,0.004674254838855096,0.004711139591259634,32,False,False
16.403435832122092,0.9998908936309485,0.9998363404464227,0.004474834736825603,0.004460960574603213,0.004488708899047993,32,False,False
16.434680471802327,0.9998552621973252,0.9997828932959878,0.004524700836104028,0.004515170785353644,0.004534230886854411,32,False,False
16.46592511148256,0.99981481959425,0.9997222293913751,0.0047655450312299825,0.004753742126058517,0.004777347936401448,32,False,False
16.49716975116279,0.9997633441211189,0.9996450161816782,0.00483971897027472,0.004822209649739165,0.004857228290810274,32,False,False
16.528414390843025,0.9997018202261841,0.999552730339276,0.00463261389580562,0.004614463261850075,0.004650764529761165,32,False,False
16.559659030523257,0.9996390222511775,0.9994585333767663,0.0044578356280421845,0.004444799217601145,0.004470872038483225,32,False,False
16.590903670203488,0.9995780849149986,0.9993671273724979,0.004565883640558974,0.0045560170760249085,0.00457575020509304,32,False,False
16.62214830988372,0.9995111768234964,0.9992667652352447,0.004797102443587839,0.0047837564559448905,0.004810448431230788,32,False,False
16.653392949563955,0.9994304626518705,0.9991456939778058,0.004805482608419918,0.0047870172388773625,0.004823947977962475,32,False,False
16.684637589244186,0.99934142551751,0.9990121382762651,0.00457830136164805,0.004560685834261511,0.00459591688903459,32,False,False
16.715882228924418,0.9992559451961095,0.9988839177941642,0.004456853109575963,0.004444478209961058,0.004469228009190867,32,False,False
16.747126868604653,0.9991740482771828,0.9987610724157744,0.004612180421271176,0.00460163918245627,0.004622721660086083,32,False,False
16.778371508284884,0.9990835925677537,0.9986253888516304,0.004816567434780994,0.00480166196651279,0.004831472903049198,32,False,False
16.809616147965116,0.998977798360111,0.9984666975401666,0.004762041126729859,0.004742959313445531,0.004781122940014187,32,False,False
16.84086078764535,0.9988672948778946,0.9983009423168419,0.004533572245496846,0.004516644624377648,0.004550499866616044,32,False,False
16.872105427325582,0.9987645812236544,0.9981468718354816,0.004470621728426884,0.004458665070813048,0.00448257838604072,32,False,False
16.903350067005814,0.9986651613819383,0.9979977420729074,0.0046592443372341094,0.0046477357544699276,0.004670752919998291,32,False,False
16.934594706686045,0.9985540218179141,0.9978310327268711,0.004822595840595648,0.004806221476696691,0.004838970204494604,32,False,False
16.96583934636628,0.9984277581699487,0.997641637254923,0.004713555430365097,0.004694196523507377,0.004732914337222817,32,False,False
16.997083986046512,0.9983015513803529,0.9974523270705293,0.00450110636995171,0.004484922720464247,0.0045172900194391736,32,False,False
17.028328625726743,0.998186066621173,0.9972790999317596,0.004496840359664344,0.0044850162269705895,0.004508664492358097,32,False,False
17.05957326540698,0.9980718858164193,0.9971078287246289,0.004702934339657301,0.004690235119702565,0.0047156335596120385,32,False,False
17.09081790508721,0.997943084093284,0.9969146261399259,0.004815309181873255,0.00479764934887858,0.004832969014867931,32,False,False
17.12206254476744,0.9978012396686663,0.9967018595029995,0.0046644158509941275,0.00464508568227429,0.004683746019713965,32,False,False
17.153307184447677,0.9976645175283724,0.9964967762925585,0.004482331665942212,0.004466855362632255,0.004497807969252169,32,False,False
17.184551824127908,0.9975397756441496,0.9963096634662245,0.004532433044001252,0.004520439727530365,0.004544426360472139,32,False,False
17.21579646380814,0.9974131710916492,0.9961197566374737,0.004739686291961864,0.004725659758352343,0.004753712825571385,32,False,False
17.24704110348837,0.9972700016033696,0.9959050024050544,0.0047962078875720925,0.004777515137392395,0.004814900637751791,32,False,False
17.278285743168606,0.9971174975687331,0.9956762463530997,0.004618742498330872,0.004599687077338262,0.004637797919323482,32,False,False
17.309530382848838,0.9969746781277831,0.9954620171916746,0.004477447375842613,0.004462561407615243,0.004492333344069982,32,False,False
17.34077502252907,0.9968433684083099,0.9952650526124649,0.004573837108222379,0.004561383311036929,0.004586290905407828,32,False,False
17.372019662209304,0.9967064852996218,0.9950597279494325,0.004766836283146244,0.00475144094103255,0.00478223162525994,32,False,False
17.403264301889536,0.9965525251357,0.9948287877035501,0.0047679146526101715,0.004748480685342205,0.004787348619878138,32,False,False
17.434508941569767,0.9963940485268501,0.9945910727902751,0.004579979931090688,0.0045613685691533335,0.004598591293028042,32,False,False
17.46575358125,0.9962486925472837,0.9943730388209254,0.004485552330669694,0.004471077464035145,0.0045000271973042434,32,False,False
17.496998220930234,0.9961128545225457,0.9941692817838186,0.0046173090942373575,0.0046041384127701,0.004630479775704616,32,False,False
17.528242860610465,0.9959678350670281,0.9939517526005421,0.004782852911833422,0.004766141140978812,0.004799564682688033,32,False,False
17.559487500290697,0.9958068581556679,0.9937102872335021,0.004733790699382664,0.0047139143368530225,0.004753667061912305,32,False,False
17.59073213997093,0.9956466219186785,0.9934699328780178,0.004550627987383473,0.0045325466134486896,0.004568709361318258,32,False,False
17.621976779651163,0.9955014442860456,0.9932521664290683,0.004504839524540932,0.004490555943417555,0.004519123105664307,32,False,False
17.653221419331395,0.9953626630707548,0.9930439946061324,0.004659238669384887,0.0046451502561027464,0.004673327082667028,32,False,False
17.68446605901163,0.9952117723423598,0.9928176585135396,0.004787440713762298,0.004769547632946417,0.004805333794578179,32,False,False
17.71571069869186,0.9950475916152763,0.9925713874229145,0.004697489560173646,0.004677446985008429,0.0047175321353388625,32,False,False
17.746955338372093,0.9948891574145328,0.9923337361217992,0.004532119567272369,0.004514573473185478,0.00454966566135926,32,False,False
17.778199978052324,0.9947461155409935,0.9921191733114901,0.004532826598578519,0.0045184969143511455,0.004547156282805893,32,False,False
17.80944461773256,0.9946057117459471,0.9919085676189207,0.004696453359312233,0.004681316904696121,0.004711589813928346,32,False,False
17.84068925741279,0.9944513893892566,0.9916770840838849,0.004781494140646235,0.004762618108720481,0.004800370172571989,32,False,False
17.871933897093022,0.9942876612972599,0.9914314919458898,0.004662519867429268,0.004642540749512875,0.0046824989853456594,32,False,False
17.903178536773257,0.994133844300829,0.9912007664512434,0.00452482980293205,0.004507753988527272,0.004541905617336827,32,False,False
17.93442317645349,0.9939942760733406,0.9909914141100109,0.004566603368995681,0.004551995202847143,0.004581211535144219,32,False,False
17.96566781613372,0.9938534698797374,0.9907802048196063,0.0047264876057659475,0.004710251058338806,0.0047427241531930895,32,False,False
17.996912455813955,0.9936983071181859,0.9905474606772787,0.004766906321334936,0.0047472838226780755,0.004786528819991796,32,False,False
18.028157095494187,0.9935383362752225,0.9903075044128337,0.004631880113187811,0.004612131961719203,0.004651628264656419,32,False,False
18.05940173517442,0.9933911936780642,0.9900867905170962,0.004528184535957946,0.004511459322436116,0.004544909749479775,32,False,False
18.09064637485465,0.9932559779341498,0.9898839669012248,0.004603086793040823,0.004587993342171862,0.004618180243909785,32,False,False
18.121891014534885,0.9931160122162231,0.9896740183243347,0.004747783251432975,0.004730472333792762,0.004765094169073189,32,False,False
18.153135654215117,0.992962664577934,0.989443996866901,0.004746263419573648,0.0047261419070136765,0.00476638493213362,32,False,False
18.184380293895348,0.9928092423421377,0.9892138635132066,0.004607807155166822,0.004588388699421068,0.004627225610912576,32,False,False
18.215624933575583,0.9926701331152854,0.9890051996729281,0.0045408318300943756,0.004524301400545642,0.004557362259643108,32,False,False
18.246869573255815,0.9925398499077942,0.9888097748616913,0.00463927635551699,0.004623533461046814,0.004655019249987165,32,False,False
18.278114212936046,0.9924020625828711,0.9886030938743067,0.004759790442990942,0.004741500000674599,0.004778080885307286,32,False,False
18.30935885261628,0.9922531185044091,0.9883796777566136,0.004722475711251265,0.0047020881387629795,0.004742863283739551,32,False,False
18.340603492296513,0.9921084191544498,0.9881626287316747,0.004591653765425474,0.004572596743714125,0.004610710787136822,32,False,False
18.371848131976744,0.9919781138557174,0.9879671707835762,0.004560845458360722,0.004544337278277165,0.0045773536384442785,32,False,False
18.403092771656976,0.9918531873976203,0.9877797810964305,0.004672499222099981,0.004655997561942954,0.0046890008822570075,32,False,False
18.43433741133721,0.9917190291531682,0.9875785437297523,0.004762949178955868,0.0047438275537374655,0.004782070804174271,32,False,False
18.465582051017442,0.9915768608873926,0.9873652913310889,0.004698405602056585,0.004677949840598282,0.004718861363514889,32,False,False
18.496826690697674,0.9914424056285155,0.9871636084427732,0.00458388567925629,0.004565163382074417,0.004602607976438164,32,False,False
18.52807133037791,0.9913212224310045,0.9869818336465068,0.0045859394840221486,0.004569282939551746,0.004602596028492551,32,False,False
18.55931597005814,0.9912020350179477,0.9868030525269215,0.004700627196683287,0.004683318476648553,0.0047179359167180196,32,False,False
18.59056060973837,0.9910730353327354,0.986609552999103,0.004758550792028627,0.0047387794798359,0.004778322104221354,32,False,False
18.621805249418607,0.9909396598739401,0.98640948981091,0.004676548325842733,0.0046561735712055885,0.0046969230804798775,32,False,False
18.65304988909884,0.9908163455306692,0.9862245182960039,0.0045841715778665035,0.004565711973204096,0.004602631182528911,32,False,False
18.68429452877907,0.9907042907887051,0.9860564361830576,0.004613682533051189,0.004596725448987349,0.00463063961711503,32,False,False
18.7155391684593,0.9905912605522612,0.9858868908283919,0.004722241460115307,0.004704137977463802,0.004740344942766811,32,False,False
18.746783808139536,0.9904689519423663,0.9857034279135494,0.004748500482271266,0.004728272044250885,0.004768728920291647,32,False,False
18.778028447819768,0.9903459256522021,0.9855188884783033,0.004658805099830332,0.004638606035658451,0.004679004164002213,32,False,False
18.8092730875,0.9902341044606655,0.9853511566909983,0.004591532839924992,0.0045732340684669056,0.004609831611383079,32,False,False
18.840517727180234,0.9901310011415276,0.9851965017122915,0.004641705217272655,0.0046243271366977695,0.0046590832978475405,32,False,False
18.871762366860466,0.9900246203829219,0.9850369305743828,0.004736720704884793,0.004717888415767025,0.00475555299400256,32,False,False
18.903007006540697,0.9899104368720758,0.9848656553081135,0.004735020319809575,0.004714517671147515,0.004755522968471635,32,False,False
18.93425164622093,0.9897987991444156,0.9846981987166235,0.0046463664226299994,0.004626384617672715,0.004666348227587285,32,False,False
18.965496285901164,0.9896983902952764,0.9845475854429145,0.0046045224612719085,0.004586268772110536,0.004622776150433281,32,False,False
18.996740925581395,0.98960398336339,0.984405975045085,0.0046678936199820616,0.004650014901780663,0.00468577233818346,32,False,False
19.027985565261627,0.9895048180582432,0.9842572270873648,0.004744235463404416,0.004724781583686794,0.0047636893431220375,32,False,False
19.059230204941862,0.9893999874806308,0.9840999812209462,0.004720342133859981,0.004699721894665527,0.004740962373054435,32,False,False
19.090474844622094,0.98930025831051,0.9839503874657651,0.004639700877207517,0.004619931936743399,0.004659469817671635,32,False,False
19.121719484302325,0.9892108709650905,0.9838163064476357,0.004621411052821973,0.004603087663396735,0.004639734442247212,32,False,False
19.15296412398256,0.9891249039597619,0.983687355939643,0.004690557021802803,0.004672143052206946,0.00470897099139866,32,False,False
19.18420876366279,0.9890335590537306,0.9835503385805959,0.004745645937112115,0.0047257029408975665,0.0047655889333266645,32,False,False
19.215453403343023,0.9889390089670478,0.9834085134505718,0.004706438132900771,0.004685819807232562,0.004727056458568981,32,False,False
19.246698043023255,0.9888512350999292,0.9832768526498937,0.004638628478796468,0.004619032970933029,0.004658223986659909,32,False,False
19.27794268270349,0.9887722855981709,0.9831584283972564,0.004640366820356729,0.004621872574434123,0.004658861066279334,32,False,False
19.30918732238372,0.9886945465115836,0.9830418197673754,0.004708553510072568,0.004689613723975209,0.004727493296169926,32,False,False
19.340431962063953,0.9886116057702298,0.9829174086553446,0.004742318002778816,0.004722026431292398,0.004762609574265233,32,False,False
19.371676601744188,0.9885278991207539,0.9827918486811309,0.004694825684184529,0.004674287277014566,0.004715364091354492,32,False,False
19.40292124142442,0.9884517358559085,0.9826776037838626,0.004642449435208531,0.004622965561772103,0.0046619333086449595,32,False,False
19.43416588110465,0.9883825469316685,0.9825738203975026,0.0046596228779325006,0.00464087987693695,0.004678365878928051,32,False,False
19.465410520784886,0.9883128843449832,0.9824693265174748,0.004721355692334433,0.004701937677360992,0.004740773707307874,32,False,False
19.496655160465117,0.9882388369433514,0.9823582554150271,0.004735888164569896,0.004715380758146609,0.0047563955709931825,32,False,False
19.52789980014535,0.9881661470581408,0.9822492205872112,0.0046864642651898575,0.004666043834611428,0.004706884695768287,32,False,False
19.55914443982558,0.988100958920641,0.9821514383809615,0.0046500999800482765,0.004630656234047058,0.004669543726049494,32,False,False
19.590389079505815,0.9880408343049706,0.9820612514574558,0.004677626553533218,0.004658586174350407,0.004696666932716029,32,False,False
19.621633719186047,0.987979146974836,0.9819687204622541,0.004729043721621181,0.004709223352062073,0.004748864091180288,32,False,False
19.65287835886628,0.9879143148830621,0.9818714723245933,0.004728017316275369,0.004707406593085509,0.004748628039465229,32,False,False
19.684122998546513,0.9878524413005426,0.9817786619508141,0.004681743508371922,0.004661445317770034,0.00470204169897381,32,False,False
19.715367638226745,0.9877974049328951,0.9816961073993428,0.004660313064537836,0.004640839539808468,0.004679786589267205,32,False,False
19.746612277906976,0.9877456773852703,0.9816185160779055,0.004693163284988259,0.004673808249221462,0.004712518320755055,32,False,False
19.77785691758721,0.9876918826397221,0.9815378239595831,0.004732223173763244,0.004712092334776951,0.004752354012749537,32,False,False
19.809101557267443,0.9876363623068313,0.9814545434602469,0.0047201735342971935,0.00469954415770493,0.004740802910889457,32,False,False
19.840346196947674,0.9875847813916675,0.9813771720875014,0.004680545635495277,0.004660349144026771,0.004700742126963783,32,False,False
19.871590836627906,0.9875389771910079,0.981308465786512,0.004671770030130299,0.004652207475407054,0.0046913325848535435,32,False,False
19.90283547630814,0.9874950313070311,0.9812425469605466,0.004705444192217321,0.004685786690494905,0.004725101693939736,32,False,False
19.934080115988372,0.9874490196774312,0.9811735295161468,0.004731879264929936,0.00471153310271085,0.004752225427149022,32,False,False
19.965324755668604,0.987402648431838,0.9811039726477572,0.004713475095981733,0.004692881399857395,0.004734068792106072,32,False,False
19.99656939534884,0.9873605872245018,0.9810408808367528,0.0046823573510092744,0.004662227257138806,0.004702487444879743,32,False,False
20.02781403502907,0.9873230711100973,0.9809846066651461,0.00468323565065352,0.004663541712209413,0.004702929589097626,32,False,False
20.059058674709302,0.9872863442529916,0.9809295163794872,0.0047141454184064305,0.004694221735456457,0.004734069101356404,32,False,False
20.090303314389537,0.9872479294465496,0.9808718941698245,0.004729191649182762,0.004708717292142623,0.004749666006222902,32,False,False
20.12154795406977,0.987210281873919,0.9808154228108785,0.004708610102984189,0.004688078220549772,0.004729141985418607,32,False,False
20.15279259375,0.9871768012366527,0.9807652018549791,0.0046864053185889,0.004666301144062478,0.004706509493115322,32,False,False
20.18403723343023,0.9871466529301872,0.9807199793952808,0.004693671819007915,0.0046738241943291665,0.004713519443686664,32,False,False
20.215281873110467,0.9871166188613282,0.9806749282919922,0.004719390563475715,0.004699253134748053,0.004739527992203378,32,False,False
20.246526512790698,0.9870854927957341,0.9806282391936012,0.004725342078923606,0.004704810391786106,0.004745873766061106,32,False,False
20.27777115247093,0.9870559063191754,0.9805838594787629,0.004705832479701138,0.004685365848052144,0.004726299111350132,32,False,False
20.309015792151165,0.9870299801866024,0.9805449702799037,0.004691794183847014,0.004671678302187911,0.004711910065506117,32,False,False
20.340260431831396,0.9870063284714758,0.9805094927072139,0.004702324549849715,0.004682321031061573,0.004722328068637856,32,False,False
20.371505071511628,0.9869824691543974,0.9804737037315959,0.004721675649384532,0.0047013838870588,0.004741967411710265,32,False,False
20.40274971119186,0.9869581708260723,0.9804372562391085,0.004721347621456697,0.004700808867881078,0.004741886375032316,32,False,False
20.433994350872094,0.9869357941909046,0.9804036912863568,0.004705020519168196,0.004684607214950819,0.0047254338233855735,32,False,False
20.465238990552326,0.9869163749066138,0.9803745623599207,0.004697633152491058,0.004677476591800441,0.0047177897131816734,32,False,False
20.496483630232557,0.9868984030042597,0.9803476045063896,0.004708777175198015,0.004688632848788832,0.004728921501607198,32,False,False
20.527728269912792,0.9868801748483337,0.9803202622725006,0.00472174690046427,0.004701358322111945,0.004742135478816595,32,False,False
20.558972909593024,0.9868620791127866,0.9802931186691798,0.004717944980416535,0.004697428456880584,0.004738461503952487,32,False,False
20.590217549273255,0.9868459337406672,0.9802689006110008,0.0047057763956831694,0.00468539679103218,0.0047261560003341585,32,False,False
20.62146218895349,0.986831997839042,0.9802479967585629,0.0047031432961963755,0.0046829290051111794,0.0047233575872815715,32,False,False
20.652706828633722,0.986818933414737,0.9802284001221054,0.004712962178765018,0.004692704379714494,0.004733219977815542,32,False,False
20.683951468313953,0.9868057347398542,0.9802086021097813,0.004720451925610991,0.004700015013377107,0.004740888837844876,32,False,False
20.715196107994185,0.9867930630332191,0.9801895945498286,0.004715538976503026,0.004695055944853565,0.004736022008152488,32,False,False
20.74644074767442,0.9867821059788767,0.9801731589683151,0.004707543892823345,0.004687177408114724,0.004727910377531964,32,False,False
20.77768538735465,0.9867726790974238,0.9801590186461356,0.0047077410979692175,0.004687464648326499,0.004728017547611936,32,False,False
20.808930027034883,0.9867637739402019,0.9801456609103028,0.004715127051728792,0.004694788997240487,0.004735465106217096,32,False,False
20.840174666715118,0.9867549202706837,0.9801323804060255,0.004718591150278138,0.004698140959760698,0.004739041340795579,32,False,False
20.87141930639535,0.9867467707698862,0.9801201561548292,0.0047142141650653654,0.004693762918097179,0.004734665412033553,32,False,False
20.90266394607558,0.9867399492782117,0.9801099239173177,0.004709725535758736,0.004689355671539081,0.004730095399978391,32,False,False
20.933908585755816,0.9867341122501386,0.9801011683752079,0.004711094184201938,0.004690762129858107,0.0047314262385457695,32,False,False
20.965153225436048,0.9867286168326487,0.9800929252489728,0.004715756261820187,0.004695370518827376,0.004736142004812999,32,False,False
20.99639786511628,0.986723329382715,0.9800849940740726,0.004716796194251201,0.004696353113135409,0.004737239275366991,32,False,False
21.02764250479651,0.9867187201704143,0.9800780802556214,0.004713796941561087,0.004693368662418366,0.004734225220703809,32,False,False
21.058887144476746,0.9867150109431438,0.9800725164147158,0.004711786425871254,0.0046914036610581815,0.004732169190684326,32,False,False
21.090131784156977,0.9867118911328291,0.9800678366992438,0.004713144413531108,0.0046927707695141934,0.004733518057548021,32,False,False
21.12137642383721,0.986709029313254,0.980063543969881,0.00471546025375825,0.004695053227000785,0.004735867280515714,32,False,False
21.152621063517444,0.9867064395745455,0.9800596593618183,0.004715455265300202,0.004695026651844949,0.004735883878755456,32,False,False
21.183865703197675,0.9867043560258816,0.9800565340388222,0.004713948912739283,0.004693533111792684,0.0047343647136858825,32,False,False
21.215110342877907,0.9867027862021999,0.9800541793032999,0.004713337580232825,0.00469294006097965,0.004733735099486,32,False,False
21.24635498255814,0.9867015389605157,0.9800523084407736,0.004714093673956409,0.004693695226646949,0.004734492121265869,32,False,False
21.277599622238373,0.9867004879562927,0.9800507319344391,0.004714850597892187,0.004694439007430619,0.004735262188353755,32,False,False
21.308844261918605,0.986699657962881,0.9800494869443215,0.004714694409447441,0.0046942782918281195,0.0047351105270667625,32,False,False
21.340088901598836,0.9866990953140303,0.9800486429710455,0.004714271608784247,0.00469386024239244,0.004734682975176054,32,False,False
21.37133354127907,0.9866987457933779,0.9800481186900669,0.004714194602289638,0.004693786808379255,0.00473460239620002,32,False,False
21.402578180959303,0.9866985309654647,0.9800477964481972,0.004714350765171949,0.004693942127373262,0.004734759402970637,32,False,False
21.433822820639534,0.9866984111112669,0.9800476166669003,0.0047144248223034875,0.004694014693816826,0.004734834950790148,32,False,False
21.46506746031977,0.9866983654357319,0.9800475481535977,0.0047144111610793885,0.004694000876187714,0.004734821445971063,32,False,False
21.4963121,0.98669835925483,0.9800475388822448,0.004714406343589732,0.004693996112133263,0.0047348165750462,32,False,True
